PT_IDX,PT_NAME,PT_CATEGORY,PT_IMAGE,PT_CONTENT,PT_WRITER,PT_HIDDEN
2,컨벤셔널 데드리프트,하체,"https://burnfit.io/wp-content/uploads/2023/11/BB_DL.png,https://burnfit.io/wp-content/uploads/2023/11/BB_DL.gif","양발을 골반보다 약간 넓게 벌리고, 바벨의 그립을 어깨보다 조금 넓게하여 무릎과 팔이 겹치지 않도록 합니다. | 등이 굽지 않도록 상체를 곧게 유지하면서, 발바닥으로 지면을 밀어올린다는 느낌으로 바벨을 들어 올립니다. (이때, 복압을 단단하게 유지한채로 바벨을 몸에 붙여서 들어올립니다.) | 몸을 완전히 쭉 피고 엉덩이 근육을 수축합니다. | 바벨을 들어올린 역순서대로 바닥으로 내려 시작 자세로 돌아갑니다.",,0
3,바벨 백스쿼트,하체,"https://burnfit.io/wp-content/uploads/2023/11/BB_BSQT.png,https://burnfit.io/wp-content/uploads/2023/11/BB_BSQT.gif","다리를 어깨너비만큼 벌리고, 바벨을 등 뒤 어깨 위에 올려줍니다. | 상체가 앞으로 숙여지지 않도록 코어에 힘을 준 상태로 엉덩이를 뒤로 빼며 앉습니다. | 상체의 자세를 유지하면서, 발바닥으로 지면을 밀고 일어납니다.",,0
4,스미스머신 스플릿 스쿼트,하체,"https://burnfit.io/wp-content/uploads/2023/11/SM_SPLIT_SQT.png,https://burnfit.io/wp-content/uploads/2023/11/SM_SPLIT_SQT.gif",바벨을 어깨너비로 잡아 등 위에 올리고 양발을 골반 너비만큼 벌리고 섭니다. | 한쪽 다리를 뻗어 앞으로 나가면서 두 무릎이 90도 각도를 이룰 때까지 엉덩이를 낮춰줍니다. 이때 상체와 등은 곧게 편 자세를 유지합니다. | 앞발의 뒤꿈치에 무게 중심을 실어서 몸을 위쪽으로 밀어주며 원래 시작 자세로 돌아옵니다.,,0
5,스미스머신 데드리프트,하체,"https://burnfit.io/wp-content/uploads/2023/11/SM_DL.png,https://burnfit.io/wp-content/uploads/2023/11/SM_DL.gif","양발을 골반보다 약간 넓게 벌리고, 바벨의 그립을 어깨보다 조금 넓게하여 무릎과 팔이 겹치지 않도록 합니다. | 등이 굽지 않도록 상체를 곧게 유지하면서, 발바닥으로 지면을 밀어올린다는 느낌으로 바벨을 들어 올립니다. (이때, 복압을 단단하게 유지한채로 바벨을 몸에 붙여줍니다.) | 몸을 완전히 쭉 피고 엉덩이 근육을 수축합니다. | 바벨을 들어올린 역순서대로 바닥으로 내려 시작 자세로 돌아갑니다.",,0
6,스미스머신 스쿼트,하체,"https://burnfit.io/wp-content/uploads/2023/11/SM_SQT.png,https://burnfit.io/wp-content/uploads/2023/11/SM_SQT.gif","다리를 어깨 너비 만큼 벌리고, 바벨을 등 뒤 어깨 위에 올려줍니다. | 상체가 앞으로 숙여지지 않도록 코어에 힘을 준 상태로 엉덩이를 뒤로 빼며 앉습니다. | 상체의 자세를 유지하면서, 발바닥으로 지면을 밀고 일어납니다.",,0
7,덤벨 런지,하체,"https://burnfit.io/wp-content/uploads/2023/11/DB_LUNGE.png,https://burnfit.io/wp-content/uploads/2023/11/DB_LUNGE.gif",양발을 골반 너비만큼 벌리고 덤벨을 양손에 든 상태로 상체를 곧게 펴고 섭니다. | 한쪽 다리를 뻗어 앞으로 나가면서 두 무릎이 90도 각도를 이룰 때까지 엉덩이를 낮춰줍니다. 이때 상체와 등은 곧게 편 자세를 유지합니다. | 앞발의 뒤꿈치에 무게 중심을 실어서 몸을 위쪽으로 밀어주며 원래 시작 자세로 돌아옵니다.,,0
8,덤벨 고블릿 스쿼트,하체,"https://burnfit.io/wp-content/uploads/2023/11/GOBLET_SQT.png,https://burnfit.io/wp-content/uploads/2023/11/GOBLET_SQT.gif","다리를 어깨너비 보다 넓게 벌리고, 두 손으로 덤벨을 잡고 턱 아래 위치시킵니다. | 양손으로 잡은 중량을 고정시킨 상태에서, 엉덩이를 뒤로 빼면서 스쿼트 자세로 내려갑니다. | 발바닥으로 지면을 밀고 일어나면서 시작 자세로 돌아옵니다.",,0
9,덤벨 스티프 레그 데드리프트,하체,"https://burnfit.io/wp-content/uploads/2023/11/DB_STIFF_DL.png,https://burnfit.io/wp-content/uploads/2023/11/DB_STIFF_DL.gif","양발을 골반 너비만큼 벌린 상태에서, 양손으로 덤벨을 잡고 곧게 섭니다. | 허리가 구부러지지 않도록 복압을 유지하면서, 엉덩이를 뒤로 빼면서 몸을 숙입니다. (이때, 엉덩이와 허벅지 뒤쪽의 긴장감을 유지하며 천천히 움직입니다.) | 허리가 각도를 유지할 수 있는 한도내에서 최대한 몸을 굽힙니다. | 이완된 엉덩이를 수축시킨다는 생각으로 몸을 세워 시작 자세로 돌아갑니다.",,0
10,프론트 스쿼트,하체,"https://burnfit.io/wp-content/uploads/2023/11/BB_FSQ.png,https://burnfit.io/wp-content/uploads/2023/11/BB_FSQ.gif","바벨을 어깨 너비로 잡고 쇄골 위에 올려둡니다. | 시선은 정면을 유지하면서, 엉덩이를 뒤로 빼며 앉습니다. (이때, 팔꿈치를 지속적으로 위로 들어올려 바벨이 흘러내리지 않도록 합니다.) | 가슴을 펴고 허리를 곧게 세워 상체를 편 상태로, 발바닥으로 지면을 지그시 누르며 일어납니다.",,0
11,저처 스쿼트,하체,"https://burnfit.io/wp-content/uploads/2023/11/ZER_SQT.png,https://burnfit.io/wp-content/uploads/2023/11/ZER_SQT.gif","다리를 어깨너비만큼 벌리고, 양팔을 펴서 바를 팔이 접히는 부분에 위치시킵니다. | 가슴은 활짝 편 상태를 유지하면서, 엉덩이를 뒤로 빼면서 앉습니다. | 어깨가 앞으로 구부려지지 않도록 유의하면서, 발바닥으로 지면을 지그시 누르며 일어납니다.",,0
12,바벨 불가리안 스플릿 스쿼트,하체,"https://burnfit.io/wp-content/uploads/2023/11/BB_SPLIT_SQT.png,https://burnfit.io/wp-content/uploads/2023/11/BB_SPLIT_SQT.gif","바벨을 어깨너비로 잡아 등 위에 올리고, 양발을 골반 너비로 벌리고 섭니다. | 한 쪽 다리를 뒤로 빼서 의자 위에 올려줍니다. | 무게를 앞다리에 실은 상태로, 뒷다리의 무릎이 직각이 될때까지 자세를 낮춥니다. 동작 중에 상체가 앞으로 기울지 않게 유의합니다. | 엉덩이에 힘을 주고 앞발로 무게를 지탱하면서 2번의 자세로 돌아옵니다.",,0
13,덤벨 불가리안 스플릿 스쿼트,하체,"https://burnfit.io/wp-content/uploads/2023/11/DB_BULSPLIT_SQT.png,https://burnfit.io/wp-content/uploads/2023/11/DB_BULSPLIT_SQT.gif","덤벨을 양손에 잡고 서서, 한 쪽 다리를 뒤로 빼서 의자 위에 올려줍니다. | 무게를 앞다리에 실은 상태로, 뒷다리의 무릎이 직각이 될때까지 자세를 낮춥니다. 동작 중에 상체가 앞으로 기울지 않게 유의합니다. | 엉덩이에 힘을 주고 앞발로 무게를 지탱하면서 2번의 자세로 돌아옵니다.",,0
14,덤벨 스플릿 스쿼트,하체,"https://burnfit.io/wp-content/uploads/2023/11/DB_SPLIT_SQT.png,https://burnfit.io/wp-content/uploads/2023/11/DB_SPLIT_SQT.gif","덤벨을 양손에 들고 상체를 곧게 편 상태로, 양발을 앞뒤로 벌리고 섭니다. | 시선은 정면을 향한 상태에서, 두 무릎이 90도를 이룰때까지 엉덩이를 낮춰 줍니다. | 무게중심을 어느 한방향으로 쏠리지 않게 유지하면서 무릎을 피며 올라옵니다.",,0
15,맨몸 스플릿 스쿼트,하체,"https://burnfit.io/wp-content/uploads/2023/11/BW_SPLIT_SQT.png,https://burnfit.io/wp-content/uploads/2023/11/BW_SPLIT_SQT.gif","양발을 앞뒤로 벌리고 상체를 곧게 펴고 섭니다. | 시선은 정면을 향한 상태에서, 두 무릎이 90도를 이룰때까지 엉덩이를 낮춰 줍니다. | 무게중심을 어느 한방향으로 쏠리지 않게 유지하면서 무릎을 피며 올라옵니다.",,0
16,에어 스쿼트,하체,"https://burnfit.io/wp-content/uploads/2023/11/AIR_SQT.png,https://burnfit.io/wp-content/uploads/2023/11/AIR_SQT.gif",다리를 어깨너비만큼 벌리고 허리를 펴고 곧게 섭니다. | 가슴을 편 상태로 엉덩이를 뒤로 빼며 앉습니다. (이때 양팔을 앞으로 벌려주면 균형을 잡기 쉽습니다.) | 발바닥으로 지면을 밀고 일어나면서 시작 자세로 돌아옵니다.,,0
17,점프 스쿼트,하체,"https://burnfit.io/wp-content/uploads/2023/11/JUMP_SQT.png,https://burnfit.io/wp-content/uploads/2023/11/JUMP_SQT.gif",다리를 어깨너비만큼 벌리고 허리를 펴고 곧게 섭니다. | 가슴을 편 상태로 엉덩이를 뒤로 빼며 앉습니다. (이때 양팔을 앞으로 벌려주면 균형을 잡기 쉽습니다.) | 복근에 힘을 주고 골반을 밀어 올리면서 최대한 높이 뛰어오릅니다. | 착지하면서 2번의 자세로 돌아갑니다.,,0
18,케틀벨 고블릿 스쿼트,하체,"https://burnfit.io/wp-content/uploads/2023/11/KB_GOBLET_SQT.png,https://burnfit.io/wp-content/uploads/2023/11/KB_GOBLET_SQT.gif","다리를 어깨너비 보다 넓게 벌리고, 두 손으로 케틀벨을 잡고 턱 아래 위치시킵니다. | 양손으로 잡은 중량을 고정시킨 상태에서, 엉덩이를 뒤로 빼면서 스쿼트 자세로 내려갑니다. | 발바닥으로 지면을 밀고 일어나면서 시작 자세로 돌아옵니다.",,0
19,루마니안 데드리프트,하체,"https://burnfit.io/wp-content/uploads/2023/11/RM_BB_DL.png,https://burnfit.io/wp-content/uploads/2023/11/RM_BB_DL.gif","다리를 어깨 너비만큼 벌리고, 양손은 다리보다 살짝 넓게 벌려 바벨을 잡고 섭니다. | 시선은 전방을 향한 상태에서 바벨을 들어올려 골반 높이에 위치시킵니다. | 허리와 등을 편 상태로 상체를 숙여 바벨을 무릎 높이까지 천천히 내립니다. | 바벨이 내려간 역순서대로 들어올려 2번의 자세로 돌아갑니다.",,0
20,스모 데드리프트,하체,"https://burnfit.io/wp-content/uploads/2023/11/SM_BB_DL.png,https://burnfit.io/wp-content/uploads/2023/11/SM_BB_DL.gif","발끝이 바깥을 향한 상태로 다리를 넓게 벌리고 바벨 앞에 섭니다. | 허벅지가 바닥에 수평이 될 때까지 엉덩이를 뒤로 뺀 상태에서, 양팔은 어깨너비보다 좁게 바벨을 잡습니다. | 복압을 유지한채로 엉덩이에 힘을 주며 다리를 펴줍니다. | 상체를 포함한 온몸이 펴지면 동작을 완료하고, 바벨이 올라온 역순서대로 바닥에 내려 시작 자세로 돌아갑니다.",,0
21,레그 프레스,하체,"https://burnfit.io/wp-content/uploads/2023/11/LEG_PRESS.png,https://burnfit.io/wp-content/uploads/2023/11/LEG_PRESS.gif","엉덩이와 허리가 의자에 완전히 붙도록 밀착하여 앉고, 두 발을 어깨 너비만큼 벌려줍니다. | 이때, 좁게 벌리면 허벅지 바깥쪽, 넓게 벌리면 안쪽으로 더 큰 자극을 줄 수 있습니다. | 안전핀을 제거하고, 중량의 자극을 느끼며 무릎을 굽혀줍니다. 엉덩이와 허리가 뜨지않을 깊이까지 중량판을 내립니다. | 복부에 힘을 유지한채로, 중량판을 지그시 밀어 올립니다.",,0
22,레그 컬,하체,"https://burnfit.io/wp-content/uploads/2023/11/LEG_CURL.png,https://burnfit.io/wp-content/uploads/2023/11/LEG_CURL.gif","머신에 엎드린 상태에서, 종아리 쪽의 패드가 아킬레스건 바로 위쪽에 위치하도록 머신을 조정합니다. | 발목을 세운 상태에서, 무릎을 굽혀 기구를 올려줍니다. | 허리, 엉덩이, 햄스트링에 긴장감을 유지하면서 기구를 천천히 내립니다.",,0
23,레그 익스텐션,하체,"https://burnfit.io/wp-content/uploads/2023/11/LGE_EXT.png,https://burnfit.io/wp-content/uploads/2023/11/LGE_EXT.gif","의자는 무릎 바로 아래에 올 수 있게, 패드는 발목 살짝 위에 위치할 수 있도록 머신을 조정합니다. | 엉덩이가 떨어지지 않게 유지하면서, 허벅지의 힘으로 고정부위를 지그시 밀어올립니다. | 근육의 긴장을 유지하면서 천천히 무릎을 굽혀줍니다.",,0
24,스탠딩 카프 레이즈,하체,"https://burnfit.io/wp-content/uploads/2023/11/STD_CALF_RAISE.png,https://burnfit.io/wp-content/uploads/2023/11/STD_CALF_RAISE.gif","어깨 위에 무게를 위치시키고, 양손으로 머신을 잡고 받침대 위에 섭니다. | 종아리의 힘을 이용하여 몸 전체를 위로 들어올립니다. | 종아리의 자극을 유지하면서 천천히 몸을 내려 시작 자세로 돌아옵니다.",,0
25,이너 싸이 머신,하체,"https://burnfit.io/wp-content/uploads/2023/11/INN_THIGH_MC.png,https://burnfit.io/wp-content/uploads/2023/11/INN_THIGH_MC.gif","허벅지 안쪽 받침대의 넓이를 적당하게 조절하고 머신에 앉습니다. | 호흡을 내쉬면서 양 다리를 안쪽으로 모아줍니다. (이때, 무릎을 닿게 한다는 생각으로 모아줍니다.) | 호흡을 들이마시면서 시작 자세로 돌아갑니다.",,0
26,런지,하체,"https://burnfit.io/wp-content/uploads/2023/11/LUNGE.png,https://burnfit.io/wp-content/uploads/2023/11/LUNGE.gif",양발을 골반 너비만큼 벌리고 상체를 곧게 펴고 섭니다. | 한쪽 다리를 뻗어 앞으로 나가면서 두 무릎이 90도 각도를 이룰 때까지 엉덩이를 낮춰줍니다. 이때 상체와 등은 곧게 편 자세를 유지합니다. | 앞발의 뒤꿈치에 무게 중심을 실어서 몸을 위쪽으로 밀어주며 원래 시작 자세로 돌아옵니다.,,0
27,스텝업,하체,"https://burnfit.io/wp-content/uploads/2023/11/STEP_UP.png,https://burnfit.io/wp-content/uploads/2023/11/STEP_UP.gif","몸을 곧게 펴고 구조물 앞에 섭니다. | 시선은 정면을 유지한 상태에서 한발을 구조물에 먼저 올리고, 올려놓은 다리의 힘으로 구조물 위로 올라섭니다. | 구조물 위에서 몸을 완전히 쭉 피고 섭니다. | 한발을 먼저 바닥으로 내린 뒤에 반대편 발도 내려 시작  자세로 돌아옵니다.",,0
28,중량 스텝업,하체,"https://burnfit.io/wp-content/uploads/2023/11/WEI_STEP_UP.png,https://burnfit.io/wp-content/uploads/2023/11/WEI_STEP_UP.gif","양손에 덤벨(혹은 케틀벨)을 잡고 구조물 앞에 섭니다. | 시선은 정면을 유지한 상태에서 한발을 구조물에 먼저 올리고, 올려놓은 다리의 힘으로 구조물 위로 올라섭니다. | 구조물 위에서 몸을 완전히 쭉 피고 섭니다. | 한발을 먼저 바닥으로 내린 뒤에 반대편 발도 내려 시작 자세로 돌아옵니다.",,0
29,힙 쓰러스트,하체,"https://burnfit.io/wp-content/uploads/2023/11/HIP_THRUST.png,https://burnfit.io/wp-content/uploads/2023/11/HIP_THRUST.gif","등 상부를 벤치에 기댄 상태에서 발바닥을 지면에 단단히 고정합니다. | 엉덩이 힘으로 몸을 윗 방향으로 밀어 올립니다. (이때, 허리가 과하게 꺾이지 않도록 주의합니다.) | 천천히 엉덩이를 내려 수축된 엉덩이 근육을 이완시킵니다.",,0
30,바벨 힙 쓰러스트,하체,"https://burnfit.io/wp-content/uploads/2023/11/WEI_HIP_THRUST.png,https://burnfit.io/wp-content/uploads/2023/11/WEI_HIP_THRUST.gif","바벨을 골반 위에 위치시킨 상태에서, 등 상부를 벤치에 기대고 발바닥을 지면에 고정합니다. | 엉덩이 힘으로 몸을 윗 방향으로 밀어 올립니다. (이때, 허리가 과하게 꺾이지 않도록 주의합니다.) | 천천히 엉덩이를 내려 수축된 엉덩이 근육을 이완시킵니다.",,0
31,브이 스쿼트,하체,"https://burnfit.io/wp-content/uploads/2023/11/V_SQT.png,https://burnfit.io/wp-content/uploads/2023/11/V_SQT.gif","머신에 허리를 붙인 상태에서 기본 스쿼트 보폭으로 곧게 섭니다. | 허리가 굽지 않도록 배에 힘을 준 상태로 다리가 ㄱ자 모양이 될때까지 내려갑니다. | 대퇴사두(허벅지)와 힙의 자극을 느끼면서, 양발바닥을 지그시 누르며 올라옵니다.",,0
32,리버스 브이 스쿼트,하체,"https://burnfit.io/wp-content/uploads/2023/11/REV_V_SQT.png,https://burnfit.io/wp-content/uploads/2023/11/REV_V_SQT.gif","머신을 어깨에 올린 상태에서 발판에 발을 짚고 섰을때 몸이 일직선이 되도록 자세를 잡습니다. | 이때 발은 어깨너비로 벌려줍니다. | 허리가 굽지 않도록 배에 힘을 준 상태로 다리가 ㄱ자 모양이 될때까지 내려갑니다. | 대퇴사두(허벅지)와 힙의 자극을 느끼면서, 양발바닥을 지그시 누르며 올라옵니다.",,0
33,글루트 킥백 머신,하체,"https://burnfit.io/wp-content/uploads/2023/11/GLUTE_KB_MC.png,https://burnfit.io/wp-content/uploads/2023/11/GLUTE_KB_MC.gif","발판에 서서 앞쪽의 손잡이를 잡고, 패드 위에 운동할 종아리의 뒷부분을 위치시킵니다. | 골반을 움직이지 않게 둔근에 집중하면서 다리를 뒤로 쭈욱 밀어줍니다. | 천천히 둔근에 자극을 느끼며 처음의 자세로 돌아옵니다.",,0
34,힙 어브덕션 머신,하체,"https://burnfit.io/wp-content/uploads/2023/11/HIP_ABD_MC.png,https://burnfit.io/wp-content/uploads/2023/11/HIP_ABD_MC.gif","의자에 앉아 무릎 바깥쪽에 패드를 밀착한 상태로 상체를 머신쪽으로 살짝 숙여줍니다. | 상,하체가 움직이지 않게 고정된 상태에서 엉덩이 바깥쪽 근육의 힘을 사용하여 양쪽 허벅지를 천천히 옆으로 벌려줍니다. | 바깥쪽 엉덩이에 자극을 느끼며 천천히 처음의 자세로 돌아옵니다.",,0
35,시티드 카프 레이즈,하체,"https://burnfit.io/wp-content/uploads/2023/11/SEAT_CALF_RAISE.png,https://burnfit.io/wp-content/uploads/2023/11/SEAT_CALF_RAISE.gif",발 받침대 위에 양발을 올리고 머신에 앉습니다. | 발 뒷꿈치를 최대한의 높이로 천천히 올려줍니다. 이때 종아리 근육을 쥐어짠다는 느낌으로 잠깐 멈춰줍니다. | 천천히 발 뒷꿈치를 내려 시작 자세로 돌아옵니다.,,0
36,정지 백 스쿼트,하체,"https://burnfit.io/wp-content/uploads/2023/11/PAUSE_SQT.png,https://burnfit.io/wp-content/uploads/2023/11/PAUSE_SQT.gif","다리를 어깨너비만큼 벌리고, 바벨을 등 뒤 어깨 위에 올려줍니다. | 상체가 앞으로 숙여지지 않도록 코어에 힘을 준 상태로 엉덩이를 뒤로 빼며 앉습니다. | 앉은 상태의 자세를 2~3초간 유지합니다. | 상체의 자세를 유지하면서, 발바닥으로 지면을 밀고 일어납니다.",,0
37,트랩바 데드리프트,하체,"https://burnfit.io/wp-content/uploads/2023/11/TRAP_DL.png,https://burnfit.io/wp-content/uploads/2023/11/TRAP_DL.gif","양발을 어깨 너비만큼 벌리고, 내전근 개입을 위해 발을 바깥 방향으로 조금 벌려줍니다. | 등이 굽지 않도록 상체를 곧게 유지하면서, 무릎을 굽혀 트랩 바를 양손으로 잡아줍니다. | 이때 기존의 데드리프트 보다는 스쿼트 자세에 가깝게 무릎이 앞으로 굽혀줍니다. | 복압을 단단하게 유지한채로 발바닥으로 지면을 밀어올린다는 느낌으로 바를 들어 올립니다. | 바를 들어올린 역순서대로 바닥으로 내려 시작 자세로 돌아갑니다.",,0
38,케이블 힙 어브덕션,하체,"https://burnfit.io/wp-content/uploads/2023/11/CABLE_HIP_ABD.png,https://burnfit.io/wp-content/uploads/2023/11/CABLE_HIP_ABD.gif","케이블 머신 옆에서 한발로 몸을 지탱하고 선 상태로, 반대쪽 발목에 케이블을 연결합니다. | 케이블에 연결된 발을 상체의 옆 방향으로 최대한 높게 들어 올립니다. | 엉덩이의 자극을 느끼며 천천히 버티며 내립니다.",,0
39,핵 스쿼트 머신,하체,"https://burnfit.io/wp-content/uploads/2023/11/HACK_SQT.png,https://burnfit.io/wp-content/uploads/2023/11/HACK_SQT.gif","기구의 발판에 올라가 양발의 간격을 스쿼트 간격(어깨너비 정도)으로 벌리고 섭니다. | 패드에 등과 어깨를 기댄 상태로 다리를 천천히 굽히면서 내려갑니다. 이때 둔근에 자극을 더 주고 싶다면 양발을 윗 부분에, 허벅지에 자극을 주고 싶다면 아랫 부분에 위치시킵니다. | 발바닥으로 발판을 지그시 누르면서 시작 자세로 돌아갑니다.",,0
40,정지 데드리프트,하체,"https://burnfit.io/wp-content/uploads/2023/11/PAUSE_DL.png,https://burnfit.io/wp-content/uploads/2023/11/PAUSE_DL.gif","양발을 골반보다 약간 넓게 벌리고, 바벨의 그립을 어깨보다 조금 넓게하여 무릎과 팔이 겹치지 않도록 합니다. | 등이 굽지 않도록 상체를 곧게 유지하면서, 발바닥으로 지면을 밀어올린다는 느낌으로 바벨을 살짝 들어 올립니다. | 바벨이 바닥과 분리된 상태의 자세를 2~3초정도 유지합니다. | 복압을 단단히 유지한채 몸을 완전히 쭉 피며 엉덩이 근육을 수축합니다. | 바벨을 들어올린 역순서대로 바닥으로 내려 시작 자세로 돌아갑니다.",,0
41,정지 스모 데드리프트,하체,"https://burnfit.io/wp-content/uploads/2023/11/PAUSE_SM_DL.png,https://burnfit.io/wp-content/uploads/2023/11/PAUSE_SM_DL.gif","발끝이 바깥을 향한 상태로 다리를 넓게 벌리고 바벨 앞에 섭니다. | 허벅지가 바닥에 수평이 될 때까지 엉덩이를 뒤로 뺀 상태에서, 양팔은 어깨너비보다 좁게 바벨을 잡습니다. | 복압을 유지한채로 엉덩이에 힘을 주며 다리를 펴줍니다. | 바벨이 바닥과 분리된 상태의 자세를 2~3초정도 유지합니다. | 상체를 포함한 온몸이 펴지면 동작을 완료하고, 바벨이 올라온 역순서대로 바닥에 내려 시작 자세로 돌아갑니다.",,0
42,바벨 박스 스쿼트,하체,"https://burnfit.io/wp-content/uploads/2023/11/BB_BOX_SQT.png,https://burnfit.io/wp-content/uploads/2023/11/BB_BOX_SQT.gif","다리를 어깨 너비만큼 벌리고, 바벨을 등 뒤 어깨 위에 올려줍니다. | 상체가 앞으로 숙여지지 않도록 코어에 힘을 준 상태로 엉덩이를 뒤로 빼며 박스에 앉습니다. | 상체의 자세를 유지하면서, 발바닥으로 지면을 밀고 일어납니다.",,0
43,바벨 프론트 랙 런지,하체,"https://burnfit.io/wp-content/uploads/2023/11/BB_FR_LUNGE.png,https://burnfit.io/wp-content/uploads/2023/11/BB_FR_LUNGE.gif","양발을 골반 너비만큼 벌리고 상체를 곧게 핀 상태에서, 바벨을 쇄골 위에 올립니다. | 한쪽 다리를 뻗어 앞으로 나가면서 두 무릎이 90도 각도를 이룰 때까지 엉덩이를 낮춰줍니다. 이때 상체와 등은 곧게 편 자세를 유지합니다. | 앞발의 뒤꿈치에 무게 중심을 실어서 몸을 위쪽으로 밀어주며 원래 시작 자세로 돌아옵니다.",,0
44,바벨 점프 스쿼트,하체,"https://burnfit.io/wp-content/uploads/2023/11/BB_JUMP_SQT.png,https://burnfit.io/wp-content/uploads/2023/11/BB_JUMP_SQT.gif","다리를 어깨너비만큼 벌리고, 바벨을 등 뒤 어깨 위에 올려줍니다. | 상체가 앞으로 숙여지지 않도록 코어에 힘을 준 상태로 스쿼트를 수행합니다. | 상체의 자세를 유지하면서, 발바닥으로 지면을 박차면서 점프합니다. | 점프하면서 펴졌던 무릎과 고관절을 다시 접으면서 스쿼트 자세를 취합니다. | 발이 땅에 닿기전에 무릎을 살짝 구부려서 하반신 전체로 중량을 분산시킬 수 있도록 주의합니다.",,0
45,바벨 런지,하체,"https://burnfit.io/wp-content/uploads/2023/11/BB_LUNGE.png,https://burnfit.io/wp-content/uploads/2023/11/BB_LUNGE.gif",양발을 골반 너비만큼 벌리고 바벨을 등뒤에 얹은 상태로 상체를 곧게 펴고 섭니다. | 한쪽 다리를 뻗어 앞으로 나가면서 두 무릎이 90도 각도를 이룰 때까지 엉덩이를 낮춰줍니다. 이때 상체와 등은 곧게 편 자세를 유지합니다. | 앞발의 뒤꿈치에 무게 중심을 실어서 몸을 위쪽으로 밀어주며 원래 시작 자세로 돌아옵니다.,,0
46,바벨 레터럴 런지,하체,"https://burnfit.io/wp-content/uploads/2023/11/BB_LAT_LUNGE.png,https://burnfit.io/wp-content/uploads/2023/11/BB_LAT_LUNGE.gif","양발을 골반 너비만큼 벌리고 바벨을 등뒤에 얹은 상태로 상체를 곧게 펴고 섭니다. | 한쪽 다리를 측면으로 크게 내딛은 후, 엉덩이를 뒤로 밀면서 앉습니다. | 내딛었던 한쪽 다리를 몸의 중앙으로 가져온 뒤, 반대쪽 다리를 동일한 방법으로 수행합니다.",,0
47,바벨 스플릿 스쿼트,하체,"https://burnfit.io/wp-content/uploads/2023/11/BB_SPLIT_SQT_REAL.png,https://burnfit.io/wp-content/uploads/2023/11/BB_SPLIT_SQT_REAL.gif","바벨을 등 뒤 어깨 위에 올려둔 상태로 양발을 앞뒤로 벌리고 섭니다. | 시선은 정면을 향한 상태에서, 두 무릎이 90도를 이룰때까지 엉덩이를 낮춰 줍니다. | 무게중심을 어느 한방향으로 쏠리지 않게 유지하면서 무릎을 피며 올라옵니다.",,0
48,바벨 스탠딩 카프 레이즈,하체,"https://burnfit.io/wp-content/uploads/2023/11/BB_STD_CALF_RAISE.png,https://burnfit.io/wp-content/uploads/2023/11/BB_STD_CALF_RAISE.gif","바벨을 등 뒤 어깨 위에 올려둔 상태로, 단차가 있는 받침대 위에 올라섭니다. | 양발을 골반 너비만큼 벌린 상태에서, 발 뒷꿈치가 바닥에 닿지 않게 위치합니다. | 뒷꿈치를 최대한의 높이로 천천히 올려줍니다. 이때 종아리 근육을 쥐어짠다는 느낌으로 잠깐 멈춰줍니다. | 천천히 발 뒷꿈치를 내려 시작 자세로 돌아옵니다.",,0
49,스티프 레그 데드리프트,하체,"https://burnfit.io/wp-content/uploads/2023/11/STIFF_DL.png,https://burnfit.io/wp-content/uploads/2023/11/STIFF_DL.gif","양발을 골반 너비만큼 벌린 상태에서, 양손으로 바벨을 잡고 곧게 섭니다. | 허리가 구부러지지 않도록 복압을 유지하면서, 엉덩이를 뒤로 빼면서 몸을 숙입니다. | 이때, 엉덩이와 허벅지 뒤쪽의 긴장감을 유지하며 천천히 움직입니다. | 허리가 각도를 유지할 수 있는 한도내에서 최대한 몸을 굽힙니다. | 이완된 엉덩이를 수축시킨다는 생각으로 몸을 세워 시작 자세로 돌아갑니다.",,0
50,맨몸 오버헤드 스쿼트,하체,"https://burnfit.io/wp-content/uploads/2023/11/BW_OH_SQT.png,https://burnfit.io/wp-content/uploads/2023/11/BW_OH_SQT.gif","다리를 어깨 너비만큼 벌린 상태에서, 양손을 위로 곧게 뻗고 섭니다. | 상체가 구부려지지 않도록 유지하면서 엉덩이를 낮추며 스쿼트를 합니다. | 발바닥으로 지면을 밀고 일어나면서 시작 자세로 돌아옵니다.",,0
51,덤벨 스모 스쿼트,하체,"https://burnfit.io/wp-content/uploads/2023/11/DB_SM_SQT.png,https://burnfit.io/wp-content/uploads/2023/11/DB_SM_SQT.gif","양손으로 덤벨을 잡고, 발끝이 바깥을 향한 상태로 다리를 넓게 벌리고 섭니다. | 팔꿈치를 펴고 등을 긴장시킨 상태로, 엉덩이를 뒤로 빼며 앉습니다. | 복압을 유지한채로 엉덩이에 힘을 주며 다리를 펴줍니다.",,0
52,덤벨 레그 컬,하체,"https://burnfit.io/wp-content/uploads/2023/11/DB_LEG_CURL.png,https://burnfit.io/wp-content/uploads/2023/11/DB_LEG_CURL.gif","벤치에 엎드린 상태에서 양발로 덤벨을 고정시켜줍니다. | 발목을 세운 상태에서, 무릎을 굽혀 덤벨을 올려줍니다. | 허리, 엉덩이, 햄스트링에 긴장감을 유지하면서 덤벨을 천천히 내립니다.",,0
53,덤벨 스쿼트,하체,"https://burnfit.io/wp-content/uploads/2023/11/DB_SQT.png,https://burnfit.io/wp-content/uploads/2023/11/DB_SQT.gif","다리를 어깨 너비만큼 벌리고, 덤벨을 양손으로 잡고 곧게 섭니다. | 상체가 앞으로 숙여지지 않도록 코어에 힘을 준 상태로 엉덩이를 뒤로 빼며 앉습니다. | 상체의 자세를 유지하면서, 발바닥으로 지면을 밀고 일어납니다.",,0
54,바벨 핵 스쿼트,하체,"https://burnfit.io/wp-content/uploads/2023/11/BB_HACK_SQT.png,https://burnfit.io/wp-content/uploads/2023/11/BB_HACK_SQT.gif","양손으로 골반 바로 바깥쪽에서 바벨을 언더그립(손바닥이 뒤를 향하게)으로 잡습니다. | 양발을 골반 너비만큼 벌린 상태에서, 엉덩이를 뒤로 빼며 앉습니다. 이때, 바벨은 흔들리지 않게 지면의 수직방향으로 내려줍니다. | 허리가 굽지 않도록 주의하면서 허벅지를 바닥과 수평을 이루는 지점까지 앉습니다. | 상체의 자세를 유지하면서, 발바닥으로 지면을 밀고 일어납니다.",,0
55,시티드 레그 컬,하체,"https://burnfit.io/wp-content/uploads/2023/11/SEAT_LEG_CURL.png,https://burnfit.io/wp-content/uploads/2023/11/SEAT_LEG_CURL.gif","머신에 앉은 상태에서, 종아리 쪽의 패드가 아킬레스건 바로 위쪽에 위치하도록 머신을 조정합니다. | 발목을 세운 상태에서, 무릎을 최대한 굽혀 뒷 허벅지(대퇴 이두)를 수축시킵니다. | 대퇴 이두의 긴장감을 유지하면서 천천히 무릎을 펴줍니다.",,0
56,힙 쓰러스트 머신,하체,"https://burnfit.io/wp-content/uploads/2023/11/HIP_THRUST_MAC.png,https://burnfit.io/wp-content/uploads/2023/11/HIP_THRUST_MAC.gif","등 상부를 벤치에 기댄 상태에서 발바닥을 지면에 단단히 고정합니다. | 엉덩이 힘으로 몸을 윗 방향으로 밀어 올립니다. (이때, 허리가 과하게 꺾이지 않도록 주의합니다.) | 천천히 엉덩이를 내려 수축된 엉덩이 근육을 이완시킵니다.",,0
57,맨몸 카프 레이즈,하체,"https://burnfit.io/wp-content/uploads/2023/11/BW_CALF_RAISE.png,https://burnfit.io/wp-content/uploads/2023/11/BW_CALF_RAISE.gif",계단과 같이 단차가 있는곳에 발뒤꿈치를 뗀 상태로 곧게 섭니다. | 종아리의 힘을 이용하여 몸 전체를 위로 들어올립니다. | 종아리의 자극을 유지하면서 천천히 몸을 내려 시작 자세로 돌아옵니다.,,0
58,글루트 브릿지,하체,"https://burnfit.io/wp-content/uploads/2023/11/GLUTE_BRDG.png,https://burnfit.io/wp-content/uploads/2023/11/GLUTE_BRDG.gif","바닥에 누워 무릎을 구부린 상태에서, 양 발바닥면 전체가 바닥에 닿게합니다. | 무릎, 엉덩이, 어깨가 일직선이 될때까지 바닥에서 엉덩이를 들어 올립니다. 이때 등이 과도하게 밀려 올라가는 것을 방지하기 위해 둔근과 복근을 활성화합니다. | 최고점에서 약 2초간 자세를 유지하고 시작자세로 돌아옵니다.",,0
59,덤벨 루마니안 데드리프트,하체,"https://burnfit.io/wp-content/uploads/2023/11/DB_RM_DL.png,https://burnfit.io/wp-content/uploads/2023/11/DB_RM_DL.gif",다리를 어깨 너비만큼 벌린 상태에서 양손으로 덤벨을 잡고 섭니다. | 시선은 전방을 향한 상태에서 덤벨을 들어올려 골반 높이에 위치시킵니다. | 허리와 등을 편 상태로 상체를 숙여 덤벨을 무릎 높이까지 천천히 내립니다. | 덤벨이 내려간 역순서대로 들어올려 2번의 자세로 돌아갑니다.,,0
60,라잉 힙 어브덕션,하체,"https://burnfit.io/wp-content/uploads/2023/11/LYING_HIP_ABD.png,https://burnfit.io/wp-content/uploads/2023/11/LYING_HIP_ABD.gif",옆으로 곧게 누워 한팔은 머리를 다른 한팔은 상체를 지지합니다. | 몸의 중심을 잡은 상태에서 위쪽 다리를 상체와 일직선이 되도록 몸을 정렬합니다. | 아래쪽 다리는 바닥을 지지한 상태로 위쪽 다리를 천천히 들어올립니다. | 올린 다리를 천천히 내려 2번의 자세로 돌아갑니다.,,0
61,싱글 레그 글루트 브릿지,하체,"https://burnfit.io/wp-content/uploads/2023/11/SL_GLUTE_BRDG.png,https://burnfit.io/wp-content/uploads/2023/11/SL_GLUTE_BRDG.gif","바닥에 누워 한쪽발 바닥면은 바닥에 닿게 무릎을 구부리고 다른쪽 발은 곧게 펴줍니다. | 양팔로 상체가 움직이지않게 고정한 상태에서, 바닥에 닿은 발의 뒤꿈치를 밀면서 엉덩이를 들어 올립니다. | 최고점에서 약 2초간 자세를 유지하고 시작 자세로 돌아옵니다.",,0
62,피스톨 박스 스쿼트,하체,"https://burnfit.io/wp-content/uploads/2023/11/PISTOL_BOX_SQT.png,https://burnfit.io/wp-content/uploads/2023/11/PISTOL_BOX_SQT.gif",적당한 높이의 박스 앞으로 가서 양손을 앞으로 내밀고 한발을 살짝 들어줍니다. | 코어에 힘을 준 상태로 엉덩이를 뒤로빼면서 천천히 앉아줍니다. 이때 몸통이 숙여지지 않도록 합니다. | 박스가 엉덩이에 닿으면 둔근과 햄스트링에 힘을 주면서 몸을 천천히 일으켜 세웁니다.,,0
63,사이드 라잉 클램,하체,"https://burnfit.io/wp-content/uploads/2023/11/SIDE_LYING_CLAM.png,https://burnfit.io/wp-content/uploads/2023/11/SIDE_LYING_CLAM.gif",옆으로 곧게 누워 한팔은 머리를 다른 한팔은 상체를 지지합니다. | 양쪽 무릎을 앞으로 구부리고 양다리를 모아줍니다. | 양발이 떨어지지 않도록 유지하면서 윗 무릎을 들어올립니다. | 최고점에서 약 2초간 자세를 유지하고 시작 자세로 돌아옵니다.,,0
64,맨몸 원레그 데드리프트,하체,"https://burnfit.io/wp-content/uploads/2023/11/BW_SL_DEAD.png,https://burnfit.io/wp-content/uploads/2023/11/BW_SL_DEAD.gif","한발로 균형을 잡은 상태로 척추를 곧게 펴고 섭니다. | 고관절을 접으며 상체를 천천히 숙여줍니다. 이때, 일반 데드리프트를 수행할 때처럼 등이 굽지 않도록 유의합니다. | 반대쪽 다리를 들어 균형을 잡으면서 상체의 균형을 유지할 수 있는 지점까지 내려갑니다. | 한발로 바닥을 지그시 누르며 시작 자세로 돌아옵니다.",,0
65,바벨 원레그 데드리프트,하체,"https://burnfit.io/wp-content/uploads/2023/11/BB_SL_DEAD.png,https://burnfit.io/wp-content/uploads/2023/11/BB_SL_DEAD.gif","양손으로 바벨을 들고 한발로 균형을 잡은 상태로 척추를 곧게 펴고 섭니다. | 고관절을 접으며 상체를 천천히 숙여줍니다. 이때, 일반 데드리프트를 수행할 때처럼 등이 굽지 않도록 유의합니다. | 반대쪽 다리를 들어 균형을 잡으면서 상체의 균형을 유지할 수 있는 지점까지 내려갑니다. | 한발로 바닥을 지그시 누르며 시작 자세로 돌아옵니다.",,0
66,덤벨 원레그 데드리프트,하체,"https://burnfit.io/wp-content/uploads/2023/11/DB_SL_DEAD.png,https://burnfit.io/wp-content/uploads/2023/11/DB_SL_DEAD.gif","양손으로 덤벨을 들고 한발로 균형을 잡은 상태로 척추를 곧게 펴고 섭니다. | 고관절을 접으며 상체를 천천히 숙여줍니다. 이때, 일반 데드리프트를 수행할 때처럼 등이 굽지 않도록 유의합니다. | 반대쪽 다리를 들어 균형을 잡으면서 상체의 균형을 유지할 수 있는 지점까지 내려갑니다. | 한발로 바닥을 지그시 누르며 시작 자세로 돌아옵니다.",,0
67,케틀벨 데드리프트,하체,"https://burnfit.io/wp-content/uploads/2023/11/KB_DL.png,https://burnfit.io/wp-content/uploads/2023/11/KB_DL.gif","양발을 골반보다 약간 넓게 벌리고, 케틀벨을 양손으로 잡습니다. | 등이 굽지 않도록 상체를 곧게 유지하면서, 발바닥으로 지면을 밀어올린다는 느낌으로 케틀벨을 들어 올립니다. | 몸을 완전히 쭉 피고 엉덩이 근육을 수축합니다. | 케틀벨을 들어올린 역순서대로 바닥으로 내려 시작 자세로 돌아갑니다.",,0
68,케틀벨 스모 데드리프트,하체,"https://burnfit.io/wp-content/uploads/2023/11/KB_SM_DL.png,https://burnfit.io/wp-content/uploads/2023/11/KB_SM_DL.gif","발끝이 바깥을 향한 상태로 다리를 넓게 벌리고 케틀벨 앞에 섭니다. | 허벅지가 바닥에 수평이 될 때까지 엉덩이를 뒤로 뺀 상태에서, 양손으로 케틀벨을 잡습니다. | 복압을 유지한채로 엉덩이에 힘을 주며 다리를 펴줍니다. | 상체를 포함한 온몸이 펴지면 동작을 완료하고, 케틀벨이 올라온 역순서대로 바닥에 내려 시작 자세로 돌아갑니다.",,0
69,덤벨 스모 데드리프트,하체,"https://burnfit.io/wp-content/uploads/2023/11/DB_SM_DL.png,https://burnfit.io/wp-content/uploads/2023/11/DB_SM_DL.gif","발끝이 바깥을 향한 상태로 다리를 넓게 벌린상태로 덤벨 앞에 섭니다. | 허벅지가 바닥에 수평이 될 때까지 엉덩이를 뒤로 뺀 상태에서, 양손으로 덤벨을 잡습니다. | 복압을 유지한채로 엉덩이에 힘을 주며 다리를 펴줍니다. | 상체를 포함한 온몸이 펴지면 동작을 완료하고, 덤벨이 올라온 역순서대로 바닥에 내려 시작 자세로 돌아갑니다.",,0
70,덤벨 레터럴 런지,하체,"https://burnfit.io/wp-content/uploads/2023/11/DB_LAT_LUNGE.png,https://burnfit.io/wp-content/uploads/2023/11/DB_LAT_LUNGE.gif","양발을 골반 너비만큼 벌리고 양손으로 덤벨을 들고 상체를 곧게 펴고 섭니다. | 한쪽 다리를 측면으로 크게 내딛은 후, 엉덩이를 뒤로 밀면서 앉습니다. | 내딛었던 한쪽 다리를 몸의 중앙으로 가져온 뒤, 반대쪽 다리를 동일한 방법으로 수행합니다.",,0
71,케틀벨 레터럴 런지,하체,"https://burnfit.io/wp-content/uploads/2023/11/KB_LAT_LUNGE.png,https://burnfit.io/wp-content/uploads/2023/11/KB_LAT_LUNGE.gif","양발을 골반 너비만큼 벌리고 양손으로 케틀벨을 들고 상체를 곧게 펴고 섭니다. | 한쪽 다리를 측면으로 크게 내딛은 후, 엉덩이를 뒤로 밀면서 앉습니다. | 내딛었던 한쪽 다리를 몸의 중앙으로 가져온 뒤, 반대쪽 다리를 동일한 방법으로 수행합니다.",,0
72,맨몸 레터럴 런지,하체,"https://burnfit.io/wp-content/uploads/2023/11/BW_LAT_LUNGE.png,https://burnfit.io/wp-content/uploads/2023/11/BW_LAT_LUNGE.gif","양발을 골반 너비만큼 벌리고 상체를 곧게 펴고 섭니다. | 한쪽 다리를 측면으로 크게 내딛은 후, 엉덩이를 뒤로 밀면서 앉습니다. | 내딛었던 한쪽 다리를 몸의 중앙으로 가져온 뒤, 반대쪽 다리를 동일한 방법으로 수행합니다.",,0
73,원레그 익스텐션,하체,"https://burnfit.io/wp-content/uploads/2023/11/SL_LEG_EXT.png,https://burnfit.io/wp-content/uploads/2023/11/SL_LEG_EXT.gif","의자는 무릎 바로 아래에 올 수 있게, 패드는 발목 살짝 위에 위치할 수 있도록 머신을 조정합니다. | 엉덩이가 떨어지지 않게 유지하면서, 한쪽 허벅지의 힘으로 고정부위를 지그시 밀어올립니다. | 근육의 긴장을 유지하면서 천천히 무릎을 굽혀줍니다.",,0
74,원레그 컬,하체,"https://burnfit.io/wp-content/uploads/2023/11/SL_LEG_CURL.png,https://burnfit.io/wp-content/uploads/2023/11/SL_LEG_CURL.gif","머신에 엎드린 상태에서, 종아리 쪽의 패드가 아킬레스건 바로 위쪽에 위치하도록 머신을 조정합니다. | 발목을 세운 상태에서, 한쪽 무릎을 굽혀 기구를 올려줍니다. | 허리, 엉덩이, 햄스트링에 긴장감을 유지하면서 기구를 천천히 내립니다.",,0
75,원레그 프레스,하체,"https://burnfit.io/wp-content/uploads/2023/11/SL_LEG_PRESS.png,https://burnfit.io/wp-content/uploads/2023/11/SL_LEG_PRESS.gif","엉덩이와 허리가 의자에 완전히 붙도록 밀착하여 앉은 상태에서 한 발을 중량판에 올려둡니다. | 안전핀을 제거하고, 중량의 자극을 느끼며 무릎을 굽혀줍니다. | 엉덩이와 허리가 뜨지않을 깊이까지 중량판을 내립니다. | 복부에 힘을 유지한채로, 중량판을 지그시 밀어 올립니다.",,0
76,수평 레그 프레스,하체,"https://burnfit.io/wp-content/uploads/2023/11/HZ_LEG_PRESS.png,https://burnfit.io/wp-content/uploads/2023/11/HZ_LEG_PRESS.gif","엉덩이와 허리가 의자에 완전히 붙도록 밀착하여 앉고, 두 발을 어깨 너비만큼 벌려줍니다. (좁게 벌리면 허벅지 바깥쪽, 넓게 벌리면 안쪽으로 더 큰 자극을 줄 수 있습니다.) | 엉덩이와 허리가 뜨지 않도록 유의하면서 굽혀있던 무릎을 펴줍니다. | 중량의 자극을 느끼며 무릎을 굽혀 시작 자세로 돌아갑니다.",,0
77,수평 원레그 프레스,하체,"https://burnfit.io/wp-content/uploads/2023/11/HZ_SL_LEG_PRESS.png,https://burnfit.io/wp-content/uploads/2023/11/HZ_SL_LEG_PRESS.gif","엉덩이와 허리가 의자에 완전히 붙도록 밀착하여 앉고, 한 발을 어깨 너비만큼 벌려줍니다. | 엉덩이와 허리가 뜨지 않도록 유의하면서 굽혀있던 무릎을 펴줍니다. | 중량의 자극을 느끼며 무릎을 굽혀 시작 자세로 돌아갑니다.",,0
78,시티드 원레그 컬,하체,"https://burnfit.io/wp-content/uploads/2023/11/SEAT_SL_LEG_CURL.png,https://burnfit.io/wp-content/uploads/2023/11/SEAT_SL_LEG_CURL.gif","머신에 앉은 상태에서, 종아리 쪽의 패드가 아킬레스건 바로 위쪽에 위치하도록 머신을 조정합니다. | 발목을 세운 상태에서, 한쪽 무릎을 최대한 굽혀 뒷 허벅지(대퇴 이두)를 수축시킵니다. | 대퇴 이두의 긴장감을 유지하면서 천천히 무릎을 펴줍니다.",,0
79,노르딕 햄스트링 컬,하체,"https://burnfit.io/wp-content/uploads/2023/11/NOR_HAM_CURL.png,https://burnfit.io/wp-content/uploads/2023/11/NOR_HAM_CURL.gif",양발을 고정한 상태로 무릎 바닥에 대고 곧게 섭니다. | 몸이 일직선이 되도록 유지하면서 천천히 아래로 내려갑니다. | 햄스트링의 자극을 느끼면서 시작 자세로 돌아옵니다.,,0
80,바벨 스모 스쿼트,하체,"https://burnfit.io/wp-content/uploads/2023/11/BB_SM_SQT.png,https://burnfit.io/wp-content/uploads/2023/11/BB_SM_SQT.gif","발끝이 바깥을 향한 상태로 다리를 넓게 벌리고, 바벨을 등 뒤 어깨 위에 올려줍니다. | 상체가 앞으로 숙여지지 않도록 코어에 힘을 준 상태로 엉덩이를 뒤로 빼며 앉습니다. | 상체의 자세를 유지하면서, 발바닥으로 지면을 밀고 일어납니다.",,0
81,케틀벨 스모 스쿼트,하체,"https://burnfit.io/wp-content/uploads/2023/11/KB_SM_SQT.png,https://burnfit.io/wp-content/uploads/2023/11/KB_SM_SQT.gif","양손으로 케틀벨을 잡고, 발끝이 바깥을 향한 상태로 다리를 넓게 벌리고 섭니다. | 팔꿈치를 펴고 등을 긴장시킨 상태로, 엉덩이를 뒤로 빼며 앉습니다. | 복압을 유지한채로 엉덩이에 힘을 주며 다리를 펴줍니다.",,0
82,스모 에어 스쿼트,하체,"https://burnfit.io/wp-content/uploads/2023/11/KB_SM_AIR_SQT.png,https://burnfit.io/wp-content/uploads/2023/11/KB_SM_AIR_SQT.gif",발끝이 바깥을 향한 상태로 다리를 넓게 벌리고 섭니다. | 복압을 유지한채로 엉덩이를 뒤로 빼며 앉습니다. | 발바닥으로 지면을 밀고 일어나면서 시작 자세로 돌아옵니다.,,0
83,피스톨 스쿼트,하체,"https://burnfit.io/wp-content/uploads/2023/11/PISTOL_SQT.png,https://burnfit.io/wp-content/uploads/2023/11/PISTOL_SQT.gif","양발을 어깨너비로 벌린 상태에서 한발을 살짝 들어줍니다. | 바닥을 지지하고 있는 다리의 무릎을 서서히 굽혀 엉덩이가 바닥에 닿는다는 느낌으로 앉습니다. (이때, 반대쪽 다리는 반원을 그리듯 앞으로 펴주면서 균형을 잡아줍니다.) | 상체의 균형을 유지한 상태로 무릎을 펴면서 일어납니다.",,0
84,덩키 킥,하체,"https://burnfit.io/wp-content/uploads/2023/11/DONK_KICK.png,https://burnfit.io/wp-content/uploads/2023/11/DONK_KICK.gif","바닥에 손바닥과 무릎을 대고 엎드립니다. | 신체가 흔들리지 않도록 몸을 고정시킨 상태에서, 한쪽 다리의 무릎을 90도로 유지하면서 위로 힘차게 킥합니다. | 둔근의 자극을 느끼면서 천천히 시작 자세로 돌아옵니다.",,0
85,케이블 덩키 킥,하체,"https://burnfit.io/wp-content/uploads/2023/11/CABLE_DONK_KICK.png,https://burnfit.io/wp-content/uploads/2023/11/CABLE_DONK_KICK.gif","스트랩을 통해 발목에 케이블을 연결합니다. | 신체가 흔들리지 않도록 몸을 고정시킨 상태에서, 한쪽 다리를 뒤쪽으로 힘차게 킥합니다. | 둔근의 자극을 느끼면서 천천히 시작 자세로 돌아옵니다.",,0
86,데피싯 데드리프트,하체,"https://burnfit.io/wp-content/uploads/2023/11/DEFICIT_DL.png,https://burnfit.io/wp-content/uploads/2023/11/DEFICIT_DL.gif","플레이트 혹은 스텝 박스 위에 올라간 상태에서, 바벨의 그립을 어깨보다 조금 넓게하여 무릎과 팔이 겹치지 않도록 합니다. | 등이 굽지 않도록 상체를 곧게 유지하면서, 발바닥으로 지면을 밀어올린다는 느낌으로 바벨을 들어 올립니다. (이때, 일반 데드리프트보다 상체를 더 숙이게되어 후면사슬에 더 많은 자극을 줄 수 있습니다.) | 몸을 완전히 쭉 피고 엉덩이 근육을 수축합니다. | 바벨을 들어올린 역순서대로 바닥으로 내려 시작 자세로 돌아갑니다.",,0
87,런지 트위스트,하체,"https://burnfit.io/wp-content/uploads/2023/11/LUNGE_TWIST.png,https://burnfit.io/wp-content/uploads/2023/11/LUNGE_TWIST.gif",양발을 골반 너비만큼 벌리고 상체를 곧게 펴고 섭니다. | 한쪽 다리를 뻗어 앞으로 나가면서 두 무릎이 90도 각도를 이룰 때까지 엉덩이를 낮춰줍니다. | 엉덩이를 낮춤과 동시에 상체를 무릎이 나온 방향으로 트위스트 해줍니다. | 앞발의 뒤꿈치에 무게 중심을 실어서 몸을 위쪽으로 밀어주며 원래 시작 자세로 돌아옵니다.,,0
88,케틀벨 런지 트위스트,하체,"https://burnfit.io/wp-content/uploads/2023/11/KB_LUNGE_TWIST.png,https://burnfit.io/wp-content/uploads/2023/11/KB_LUNGE_TWIST.gif",양발을 골반 너비만큼 벌리고 양손으로 케틀벨을 잡은 상태에서 상체를 곧게 펴고 섭니다. | 한쪽 다리를 뻗어 앞으로 나가면서 두 무릎이 90도 각도를 이룰 때까지 엉덩이를 낮춰줍니다. | 엉덩이를 낮춤과 동시에 상체를 무릎이 나온 방향으로 트위스트 해줍니다. | 앞발의 뒤꿈치에 무게 중심을 실어서 몸을 위쪽으로 밀어주며 원래 시작 자세로 돌아옵니다.,,0
89,케이블 풀 스루,하체,"https://burnfit.io/wp-content/uploads/2023/11/CABLE_PULL_THRU.png,https://burnfit.io/wp-content/uploads/2023/11/CABLE_PULL_THRU.gif",케이블 머신의 높이를 가장 낮게(로우 폴리) 맞추고 다리사이로 양손으로 케이블을 잡은 상태에서 머신을 등지고 섭니다. | 고관절을 접으면서 골반을 뒤로 천천히 밀어줍니다. | 골반을 앞으로 밀어 엉덩이 근육을 수축하면서 시작 자세로 돌아옵니다.,,0
90,몬스터 글루트 머신,하체,"https://burnfit.io/wp-content/uploads/2023/11/MON_GLUTE_MC.png,https://burnfit.io/wp-content/uploads/2023/11/MON_GLUTE_MC.gif",머신에 앉은 상태에서 발판에 발을 올려놓습니다. | 다리를 최대한 벌리면서 엉덩이 근육을 수축시킵니다. | 천천히 다리를 모으면서 시작 자세로 돌아옵니다.,,0
91,오버헤드 프레스,어깨,"https://burnfit.io/wp-content/uploads/2023/11/BB_PRESS.png,https://burnfit.io/wp-content/uploads/2023/11/BB_PRESS.gif",바벨을 어깨너비로 잡고 쇄골 위에 올려둡니다. | 등에 힘을 주고 가슴을 피면서 바벨을 위로 밀어올립니다. | 바벨이 올라간 동선을 따라 천천히 내려 시작 자세로 돌아옵니다.,,0
92,스미스머신 오버헤드 프레스,어깨,"https://burnfit.io/wp-content/uploads/2023/11/SM_PRESS.png,https://burnfit.io/wp-content/uploads/2023/11/SM_PRESS.gif",바벨을 어깨너비로 잡고 쇄골 위에 올려둡니다. | 등에 힘을 주고 가슴을 피면서 바벨을 위로 밀어올립니다. | 어깨에 자극을 느끼며 바벨을 천천히 내려 시작 자세로 돌아옵니다.,,0
93,스미스머신 슈러그,어깨,"https://burnfit.io/wp-content/uploads/2023/11/SM_SHRUG.png,https://burnfit.io/wp-content/uploads/2023/11/SM_SHRUG.gif","발을 어깨 너비 만큼 벌린 상태에서, 바벨을 어깨 너비 정도로 잡아 허벅지 앞에 위치시킵니다. | 어깨를 귀에 붙인다는 느낌으로 최대한 어깨를 끌어올립니다. | 승모근에 저항감을 느끼면서 어깨를 천천히 내리고 시작 자세로 돌아갑니다.",,0
94,덤벨 숄더 프레스,어깨,"https://burnfit.io/wp-content/uploads/2023/11/DB_SHD_PRESS.png,https://burnfit.io/wp-content/uploads/2023/11/DB_SHD_PRESS.gif","양손에 덤벨을 잡고 팔을 옆으로 벌려서, 덤벨을 머리와 나란히 위치시킵니다. | 어깨를 아래방향으로 지그시 누르면서 덤벨을 수직 방향으로 밀어올립니다. | 어깨의 자극을 느끼면서, 덤벨을 내려 시작 자세로 돌아옵니다. (이때 팔꿈치가 너무 아래로 내려가지 않도록 유의합니다.)",,0
95,덤벨 레터럴 레이즈,어깨,"https://burnfit.io/wp-content/uploads/2023/11/DB_LAT_RAISE.png,https://burnfit.io/wp-content/uploads/2023/11/DB_LAT_RAISE.gif","양발을 어깨너비로 적당히 벌리고, 가슴을 편상태로 덤벨을 잡습니다. | 측면 어깨(삼각근)에 자극을 느끼면서 팔꿈치를 올린다는 생각으로 덤벨을 들어 올립니다. | 측면 삼각근의 자극을 느끼면서 천천히 팔을 내립니다.",,0
96,벤트오버 덤벨 레터럴 레이즈,어깨,"https://burnfit.io/wp-content/uploads/2023/11/DB_BO_LAT_RAISE.png,https://burnfit.io/wp-content/uploads/2023/11/DB_BO_LAT_RAISE.gif","양발을 어깨너비로 적당히 벌리고, 허리를 곧게 편 상태로 상체를 숙여줍니다. | 팔꿈치를 살짝 굽힌 상태에서, 덤벨을 든 양 손을 어깨와 1자가 되게끔 들어올립니다. | 어깨 뒤편의 자극을 느끼면서 덤벨을 천천히 내려줍니다.",,0
97,아놀드 덤벨 프레스,어깨,"https://burnfit.io/wp-content/uploads/2023/11/ARNOLD_DB_PRESS.png,https://burnfit.io/wp-content/uploads/2023/11/ARNOLD_DB_PRESS.gif","덤벨을 양손에 들고, 손바닥이 자신을 바라보게 들어 가슴 앞에 위치시킵니다. | 손바닥이 앞을 향하게 돌리면서, 덤벨을 위로 밀어올립니다. | 어깨에 자극을 느끼면서 시작 자세로 돌아옵니다.",,0
98,숄더 프레스 머신,어깨,"https://burnfit.io/wp-content/uploads/2023/11/SHD_PRESS_MAC.png,https://burnfit.io/wp-content/uploads/2023/11/SHD_PRESS_MAC.gif",머신에 앉아 팔꿈치 각도가 90도가 되도록 팔의 넓이를 조절하여 손잡이를 잡습니다. | 어깨에 자극을 느끼면서 수직방향으로 팔을 밀어 올립니다. | 어깨의 자극을 느끼며 손을 귀 옆까지 천천히 내립니다.,,0
99,비하인드 넥 프레스,어깨,"https://burnfit.io/wp-content/uploads/2023/11/BB_BHD_NECK_PRESS.png,https://burnfit.io/wp-content/uploads/2023/11/BB_BHD_NECK_PRESS.gif","바벨을 어깨너비 두배 정도로 넓게 잡고 위로 들어올립니다. | 팔꿈치와 손목을 1자로 유지하면서, 바벨을 천천히 머리 뒤로 내립니다. | 어깨에 자극을 유지하면서 천천히 바벨을 밀어 올립니다. (바벨은 동작 중 뒤통수를 스치며 수직방향으로 움직일 수 있도록 합니다.)",,0
100,덤벨 프론트 레이즈,어깨,"https://burnfit.io/wp-content/uploads/2023/11/DB_F_RAISE.png,https://burnfit.io/wp-content/uploads/2023/11/DB_F_RAISE.gif",양발을 어깨너비로 적당히 벌리고 양손에 덤벨을 쥐고 섭니다. | 상체의 균형을 유지하면서 한쪽 팔을 앞으로 들어올립니다. | 들어올린 팔을 내리고 난 뒤 2번의 상태로 돌아옵니다. | 이후 반대편 팔로 운동을 수행합니다.,,0
101,덤벨 슈러그,어깨,"https://burnfit.io/wp-content/uploads/2023/11/DB_SHRUG.png,https://burnfit.io/wp-content/uploads/2023/11/DB_SHRUG.gif","발을 어깨 너비로 벌린 상태에서, 양손에 덤벨을 들어 허벅지 옆에 위치시킵니다. | 어깨를 귀에 붙인다는 느낌으로 최대한 어깨를 끌어올립니다. | 승모근에 저항감을 느끼면서 어깨를 천천히 내리고 시작 자세로 돌아갑니다.",,0
102,바벨 슈러그,어깨,"https://burnfit.io/wp-content/uploads/2023/11/BB_SHRUG.png,https://burnfit.io/wp-content/uploads/2023/11/BB_SHRUG.gif","발을 어깨 너비 만큼 벌린 상태에서, 바벨을 어깨 너비 정도로 잡아 허벅지 앞에 위치시킵니다. | 어깨를 귀에 붙인다는 느낌으로 최대한 어깨를 끌어올립니다. | 승모근에 저항감을 느끼면서 어깨를 천천히 내리고 시작 자세로 돌아갑니다.",,0
103,페이스 풀,어깨,"https://burnfit.io/wp-content/uploads/2023/11/FACE_PULL.png,https://burnfit.io/wp-content/uploads/2023/11/FACE_PULL.gif","케이블을 머리 높이에 고정한 뒤, 케이블을 바라보고 섭니다. | 양손으로 로프를 잡은 뒤, 가슴을 편 상태로 케이블을 얼굴 방향으로 힘껏 당깁니다. | 팔을 펴면서 시작 자세로 돌아갑니다.",,0
104,핸드스탠드,어깨,"https://burnfit.io/wp-content/uploads/2023/11/HS.png,https://burnfit.io/wp-content/uploads/2023/11/HS.gif","양 팔을 쭉펴고 물구나무를 섭니다. | 자세를 유지하기 어렵다면, 벽이나 구조물에 몸을 기대 균형감각을 익히는데 집중합니다.",,0
105,핸드스탠드 푸시업,어깨,"https://burnfit.io/wp-content/uploads/2023/11/HSPU.png,https://burnfit.io/wp-content/uploads/2023/11/HSPU.gif","양팔을 쭉펴고 물구나무를 섭니다. | 균형을 유지할 수 있는 깊이 만큼 팔꿈치를 굽혀 내려갑니다. | 팔꿈치를 피고 몸을 밀어 올려서, 1번의 상태로 돌아갑니다.",,0
106,케이블 리버스 플라이,어깨,"https://burnfit.io/wp-content/uploads/2023/11/CABLE_REV_FLY.png,https://burnfit.io/wp-content/uploads/2023/11/CABLE_REV_FLY.gif",팔을 교차하여 케이블을 잡고 머신 중앙에 자리잡습니다. | 팔꿈치를 살짝 굽히며 잡은 케이블을 살짝 당깁니다. | 팔꿈치의 각도를 일정하게 유지하면서 케이블을 뒤로 힘차게 잡아당깁니다. | 후면 삼각근의 자극을 느끼면서 천천히 시작 자세로 돌아옵니다.,,0
107,바벨 업라이트 로우,어깨,"https://burnfit.io/wp-content/uploads/2023/11/BB_UPRIGHT_ROW.png,https://burnfit.io/wp-content/uploads/2023/11/BB_UPRIGHT_ROW.gif","바벨을 어깨너비보다 살짝 좁게 잡고, 허벅지 위에 살짝 올려둡니다. | 팔꿈치를 양옆으로 활짝 벌린다는 생각으로 바벨을 들어 올립니다. | 어깨의 자극을 유지하면서 천천히 내려 1번의 자세로 돌아옵니다.",,0
108,덤벨 업라이트 로우,어깨,"https://burnfit.io/wp-content/uploads/2023/11/DB_UPRIGHT_ROW.png,https://burnfit.io/wp-content/uploads/2023/11/DB_UPRIGHT_ROW.gif",양손에 덤벨을 잡고 허벅지 위에 살짝 올려둡니다. | 팔꿈치를 양옆으로 활짝 벌린다는 생각으로 바벨을 들어 올립니다. | 어깨의 자극을 유지하면서 천천히 내려 1번의 자세로 돌아옵니다.,,0
109,이지바 업라이트 로우,어깨,"https://burnfit.io/wp-content/uploads/2023/11/EZB_UPRIGHT_ROW.png,https://burnfit.io/wp-content/uploads/2023/11/EZB_UPRIGHT_ROW.gif","바를 어깨너비보다 살짝 좁게 잡고, 허벅지 위에 살짝 올려둡니다. | 팔꿈치를 양옆으로 활짝 벌린다는 생각으로 바를 들어 올립니다. | 어깨의 자극을 유지하면서 천천히 내려 1번의 자세로 돌아옵니다.",,0
110,푸시 프레스,어깨,"https://burnfit.io/wp-content/uploads/2023/11/PUSH_PRESS.png,https://burnfit.io/wp-content/uploads/2023/11/PUSH_PRESS.gif","양발을 어깨너비보다 약간 좁게 벌린 상태에서, 바벨을 어깨너비 정도로 잡아 어깨에 올려둡니다. | 상체는 곧게 편 상태를 유지하면서 무릎을 굽혔다가 펴는 힘으로 바벨을 머리 위로 밀어 올립니다. | 바벨을 천천히 내리며 시작 자세로 돌아옵니다.",,0
111,리어 델토이드 플라이 머신,어깨,"https://burnfit.io/wp-content/uploads/2023/11/REV_PEC_DECK_MC.png,https://burnfit.io/wp-content/uploads/2023/11/REV_PEC_DECK_MC.gif",머신을 마주보고 앉아 가슴을 지지하는 패드에 가슴을 기대고 앉습니다. | 팔꿈치를 자연스럽게 구부린 상태로 양손으로 손잡이를 잡아줍니다. 이때 어깨와 팔꿈치 손이 수평이 되도록 합니다. | 후면 삼각근의 자극을 느끼며 팔꿈치를 최대한 뒤로 밀어줍니다. | 팔꿈치가 움직이지 않게 제한하면서 시작 자세로 돌아옵니다.,,0
112,레터럴 레이즈 머신,어깨,"https://burnfit.io/wp-content/uploads/2023/11/LAT_RAISE_MC.png,https://burnfit.io/wp-content/uploads/2023/11/LAT_RAISE_MC.gif",의자에 앉아 패드에 팔꿈치를 기댄상태로 손잡이를 가볍게 잡습니다. | 가슴을 열고 상체를 곧게 편 상태에서 측면 삼각근의 힘으로 기구를 밀어올립니다. | 이때 팔의 힘이 아닌 측면 삼각근에 집중하여 팔꿈치를 어깨선까지 올려줍니다. | 어깨 근육의 긴장감을 유지하면서 천천히 처음의 자세로 돌아옵니다.,,0
113,케이블 레터럴 레이즈,어깨,"https://burnfit.io/wp-content/uploads/2023/11/CABLE_LAT_RAISE.png,https://burnfit.io/wp-content/uploads/2023/11/CABLE_LAT_RAISE.gif","케이블을 최하단에 고정한 상태에서, 케이블의 가운데에 서서 양쪽 케이블을 X자 형태로 잡습니다. | 가슴을 열고 상체를 곧게 편 상태에서, 케이블을 잡아 당겨 팔꿈치를 어깨선까지 올려줍니다. 이때 견갑골을 고정시켜 승모근이 개입하는 것을 최소화 합니다. | 어깨 근육의 긴장감을 유지하면서 손을 바지 주머니 위치까지 내려줍니다.",,0
114,케이블 프론트 레이즈,어깨,"https://burnfit.io/wp-content/uploads/2023/11/CABLE_FRONT_RAISE.png,https://burnfit.io/wp-content/uploads/2023/11/CABLE_FRONT_RAISE.gif",케이블 머신을 등지고 다리 사이로 케이블을 빼서 몸을 곧게 펴고 섭니다. | 상체를 앞으로 숙여준 상태로 어깨 전면부의 자극을 느끼며 양팔을 들어올립니다. (이때 팔꿈치가 굽지 않도록 유지하면서 손을 어깨 높이까지만 올려줍니다.) | 어깨 전면부의 자극을 느끼며 천천히 양팔을 내려줍니다.,,0
115,바벨 프론트 레이즈,어깨,"https://burnfit.io/wp-content/uploads/2023/11/BB_FRONT_RAISE.png,https://burnfit.io/wp-content/uploads/2023/11/BB_FRONT_RAISE.gif","양발을 어깨너비로 적당히 벌리고 서서 양손으로 바벨을 잡습니다. | 양팔을 곧게 뻗은 상태에서 천천히 바벨을 앞으로 들어올립니다. (이때, 팔힘이 아닌 어깨 전면의 근육을 수축하는 느낌으로 들어올립니다.) | 어깨 전면부의 자극을 느끼면서 들어올린 팔을 천천히 내립니다.",,0
116,이지바 프론트 레이즈,어깨,"https://burnfit.io/wp-content/uploads/2023/11/EZB_FRONT_RAISE.png,https://burnfit.io/wp-content/uploads/2023/11/EZB_FRONT_RAISE.gif","양발을 어깨너비로 적당히 벌리고 서서 양손으로 이지바를 잡습니다. | 양팔을 곧게 뻗은 상태에서 천천히 이지바를 앞으로 들어올립니다. (이때, 팔힘이 아닌 어깨 전면의 근육을 수축하는 느낌으로 들어올립니다.) | 어깨 전면부의 자극을 느끼면서 들어올린 팔을 천천히 내립니다.",,0
117,시티드 덤벨 리어 레터럴 레이즈,어깨,"https://burnfit.io/wp-content/uploads/2023/11/DB_REAR_LAT_RAISE.png,https://burnfit.io/wp-content/uploads/2023/11/DB_REAR_LAT_RAISE.gif","벤치에 앉아 덤벨을 양손으로 평행하게 잡고, 상체를 앞으로 숙입니다. | 팔꿈치를 살짝 굽힌 상태에서, 덤벨을 든 양손을 어깨와 1자가 되게끔 들어올립니다. | 삼각근과 어깨 뒤편의 자극을 느끼면서 덤벨을 천천히 내려줍니다.",,0
118,숄더 탭,어깨,"https://burnfit.io/wp-content/uploads/2023/11/SHD_TAP.png,https://burnfit.io/wp-content/uploads/2023/11/SHD_TAP.gif","양팔을 어깨 너비만큼 벌리고 팔꿈치를 쭉펴서 바닥에 엎드립니다. | 한쪽 손으로 반대쪽 어깨를 가볍게 터치합니다. (이때, 몸통이 크게 움직이지 않도록 최대한 자세를 유지할 수 있도록 합니다.) | 터치한 손을 원위치 시킨 뒤 반대쪽 손으로 동일하게 운동을 수행합니다.",,0
119,시티드 바벨 숄더 프레스,어깨,"https://burnfit.io/wp-content/uploads/2023/11/SEAT_BB_SHD_PRESS.png,https://burnfit.io/wp-content/uploads/2023/11/SEAT_BB_SHD_PRESS.gif",벤치에 앉은 상태에서 바벨을 어깨너비로 잡고 쇄골 위에 올려둡니다. | 등에 힘을 주고 가슴을 피면서 바벨을 머리 위로 밀어올립니다. | 바벨이 올라간 동선을 따라 천천히 내려 시작 자세로 돌아옵니다.,,0
120,시티드 덤벨 숄더 프레스,어깨,"https://burnfit.io/wp-content/uploads/2023/11/SEAT_DB_SHD_PRESS.png,https://burnfit.io/wp-content/uploads/2023/11/SEAT_DB_SHD_PRESS.gif",벤치에 앉은 상태에서 양손으로 덤벨을 잡아 머리 옆에 나란히 위치시킵니다. | 어깨를 아래방향으로 지그시 누르면서 덤벨을 수직 방향으로 밀어올립니다. | 어깨의 자극을 느끼면서 덤벨을 내려 시작 자세로 돌아옵니다. (이때 팔꿈치가 너무 아래로 내려가지 않도록 유의합니다.),,0
121,플레이트 숄더 프레스,어깨,"https://burnfit.io/wp-content/uploads/2023/11/PLATE_SHD_PRESS.png,https://burnfit.io/wp-content/uploads/2023/11/PLATE_SHD_PRESS.gif",플레이트를 양손으로 잡고 가슴 앞에 위치시킵니다. | 어깨가 굽지 않도록 가슴을 핀 상태로 플레이트를 머리 위 수직방향으로 밀어올립니다. | 플레이트가 올라간 동선을 따라 천천히 내려옵니다.,,0
122,Y 레이즈,어깨,"https://burnfit.io/wp-content/uploads/2023/11/Y_RAISE.png,https://burnfit.io/wp-content/uploads/2023/11/Y_RAISE.gif","타겟 부위의 효과적인 자극을 위해 가슴을 지지할 수 있도록, 바닥에 엎드리거나 벤치에 가슴을 기댑니다. | 양팔을 Y자 모양으로 만든 상태에서, 양팔을 최대한 위로 올립니다. | 등의 긴장이 완전히 풀리기 전까지 천천히 양팔을 내려줍니다.",,0
123,덤벨 Y 레이즈,어깨,"https://burnfit.io/wp-content/uploads/2023/11/DB_Y_RAISE.png,https://burnfit.io/wp-content/uploads/2023/11/DB_Y_RAISE.gif","타겟 부위의 효과적인 자극을 위해 가슴을 지지할 수 있도록, 바닥에 엎드리거나 벤치에 가슴을 기댑니다. | 양팔을 Y자 모양으로 만든 상태에서, 양손으로 덤벨을 잡고 최대한 위로 올립니다. | 등의 긴장이 완전히 풀리기 전까지 천천히 양팔을 내려줍니다.",,0
124,슈러그 머신,어깨,"https://burnfit.io/wp-content/uploads/2023/11/SHRUG_MC.png,https://burnfit.io/wp-content/uploads/2023/11/SHRUG_MC.gif","발을 어깨 너비로 벌린 상태에서, 양손으로 머신의 손잡이를 잡습니다. | 어깨를 귀에 붙인다는 느낌으로 최대한 어깨를 끌어올립니다. | 승모근에 저항감을 느끼면서 어깨를 천천히 내리고 시작 자세로 돌아갑니다.",,0
125,케이블 슈러그,어깨,"https://burnfit.io/wp-content/uploads/2023/11/CABLE_SHRUG.png,https://burnfit.io/wp-content/uploads/2023/11/CABLE_SHRUG.gif","발을 어깨 너비로 벌린 상태에서, 양손으로 케이블의 손잡이를 잡습니다. | 어깨를 귀에 붙인다는 느낌으로 최대한 어깨를 끌어올립니다. | 승모근에 저항감을 느끼면서 어깨를 천천히 내리고 시작 자세로 돌아갑니다.",,0
126,케이블 인터널 로테이션,어깨,"https://burnfit.io/wp-content/uploads/2023/11/CABLE_INT_ROT.png,https://burnfit.io/wp-content/uploads/2023/11/CABLE_INT_ROT.gif","케이블 머신의 높이를 허리에 맞추고 한손으로 케이블을 잡은 상태에서 머신 옆에 나란히 섭니다. | 팔꿈치를 허리에 단단히 고정시킨 상태에서 케이블을 배꼽방향으로 반원을 그리며 당겨줍니다. 이때, 전완부는 바닥과 평행을 유지할 수 있도록 합니다. | 어깨의 자극을 느끼면서 천천히 시작 자세로 돌아갑니다.",,0
127,케이블 익스터널 로테이션,어깨,"https://burnfit.io/wp-content/uploads/2023/11/CABLE_EXT_ROT.png,https://burnfit.io/wp-content/uploads/2023/11/CABLE_EXT_ROT.gif","케이블 머신의 높이를 허리에 맞추고 한손으로 케이블을 잡은 상태에서 머신 옆에 나란히 섭니다. | 팔꿈치를 허리에 단단히 고정시킨 상태에서 케이블을 몸의 바깥방향으로 반원을 그리며 당겨줍니다. 이때, 전완부는 바닥과 평행을 유지할 수 있도록 합니다. | 어깨의 자극을 느끼면서 천천히 시작 자세로 돌아갑니다.",,0
128,원암 케이블 레터럴 레이즈,어깨,"https://burnfit.io/wp-content/uploads/2023/11/OA_CABLE_LAT_RAISE.png,https://burnfit.io/wp-content/uploads/2023/11/OA_CABLE_LAT_RAISE.gif",케이블 머신의 높이를 가장 낮게(로우 폴리) 맞추고 한손으로 케이블을 잡은 상태에서 머신 옆에 나란히 섭니다. | 측면 어깨(삼각근)에 자극을 느끼면서 팔꿈치를 올린다는 생각으로 케이블을 들어 올립니다. | 측면 삼각근의 자극을 느끼면서 천천히 팔을 내립니다.,,0
129,랜드마인 프레스,어깨,"https://burnfit.io/wp-content/uploads/2023/11/LAND_PRESS.png,https://burnfit.io/wp-content/uploads/2023/11/LAND_PRESS.gif",바벨의 한쪽 끝을 고정시킵니다. | 다리를 어깨너비만큼 벌린 상태로 바벨의 끝부분을 양손으로 잡습니다. | 손목이 꺾이지 않도록 유의하면서 바벨을 밀어올립니다. | 천천히 바벨을 내려 시작 자세로 돌아옵니다.,,0
130,원암 랜드마인 프레스,어깨,"https://burnfit.io/wp-content/uploads/2023/11/OA_LAND_PRESS.png,https://burnfit.io/wp-content/uploads/2023/11/OA_LAND_PRESS.gif",바벨의 한쪽 끝을 고정시킵니다. | 다리를 어깨너비만큼 벌린 상태로 바벨의 끝부분을 한손으로 잡습니다. | 손목이 꺾이지 않도록 유의하면서 바벨을 밀어올립니다. | 천천히 바벨을 내려 시작 자세로 돌아옵니다.,,0
132,스미스머신 벤치프레스,가슴,"https://burnfit.io/wp-content/uploads/2023/11/SM_BP.png,https://burnfit.io/wp-content/uploads/2023/11/SM_BP.gif","벤치에 가슴을 펴고 누운 상태에서, 바벨을 어깨너비보다 조금 넓게 잡고 위로 들어올립니다. | 가슴 근육의 이완을 느끼며 팔을 굽혀 바벨을 가슴 방향으로 내립니다. | 가슴 근육의 수축을 느끼며 몸의 수직방향으로 바벨을 밀어올립니다.",,1
133,스미스머신 인클라인 벤치프레스,가슴,"https://burnfit.io/wp-content/uploads/2023/11/SM_INC_PRESS.png,https://burnfit.io/wp-content/uploads/2023/11/SM_INC_PRESS.gif","기울어진 벤치에 가슴을 펴고 누운 상태에서, 바벨을 어깨너비보다 조금 넓게 잡고 위로 들어올립니다. | 가슴 근육의 이완을 느끼며 팔을 굽혀 바벨을 가슴 방향으로 내립니다. | 가슴 근육의 수축을 느끼며 바닥의 수직방향으로 바벨을 밀어올립니다.",,0
134,덤벨 벤치프레스,가슴,"https://burnfit.io/wp-content/uploads/2023/11/DB_BP.png,https://burnfit.io/wp-content/uploads/2023/11/DB_BP.gif","덤벨을 양손에 들고 벤치에 가슴을 펴고 누운 상태에서, 덤벨을 수직으로 들어올립니다. | 덤벨이 가로로 놓이게 잡아주고, 가슴 근육의 이완을 느끼며 팔을 굽히며 덤벨을 아래로 내립니다. | 가슴 근육의 수축을 느끼며 몸의 수직방향으로 덤벨을 밀어올립니다.",,0
135,인클라인 덤벨 벤치프레스,가슴,"https://burnfit.io/wp-content/uploads/2023/11/DB_INC_BP.png,https://burnfit.io/wp-content/uploads/2023/11/DB_INC_BP.gif","덤벨을 양손에 들고 기울어진 벤치에 가슴을 펴고 누운 상태에서, 덤벨을 바닥에 수직하게 들어올립니다. | 덤벨이 가로로 놓이게 잡아주고, 가슴 근육의 이완을 느끼며 팔을 굽혀 덤벨을 아래로 내립니다. | 가슴 근육의 수축을 느끼며 수직방향으로 덤벨을 밀어올립니다.",,1
136,덤벨 플라이,가슴,"https://burnfit.io/wp-content/uploads/2023/11/DB_FLY.png,https://burnfit.io/wp-content/uploads/2023/11/DB_FLY.gif","벤치에 등을 대고 누운 뒤 손바닥을 서로 마주보게 덤벨을 잡아, 가슴 위로 양팔을 쭉 밀어올립니다. | 팔꿈치는 자연스럽게 살짝 구부리면서 가슴 옆방향으로 팔을 천천히 펼쳐줍니다. | 팔로 반원을 그리며 덤벨을 모아 시작 자세로 돌아옵니다.",,0
137,스탠딩 케이블 플라이,가슴,"https://burnfit.io/wp-content/uploads/2023/11/STD_CABLE_FLY.png,https://burnfit.io/wp-content/uploads/2023/11/STD_CABLE_FLY.gif","케이블 머신의 가운데에서 한 걸음 정도 앞으로 나온 상태에서, 가슴을 활짝펴고 곧게 섭니다. | 팔꿈치를 살짝 구부려 팔의 개입을 최소화한 상태에서 케이블을 양손으로 잡습니다. | 원을 그리듯 천천히 양팔을 모아주며 가슴 근육을 수축시킵니다. | 가슴 근육의 이완을 느끼면서 천천히 팔을 내려줍니다.",,0
138,인클라인 벤치프레스,가슴,"https://burnfit.io/wp-content/uploads/2023/11/BB_INC_PRESS.png,https://burnfit.io/wp-content/uploads/2023/11/BB_INC_PRESS.gif","기울어진 벤치에 가슴을 펴고 누운 상태에서, 바벨을 어깨너비보다 조금 넓게 잡고 위로 들어올립니다. | 가슴 근육의 이완을 느끼며 팔을 굽혀 바벨을 가슴 방향으로 내립니다. | 가슴 근육의 수축을 느끼며 바닥의 수직방향으로 바벨을 밀어올립니다.",,0
139,덤벨 벤치프레스,가슴,"https://burnfit.io/wp-content/uploads/2023/11/DB_BP.png,https://burnfit.io/wp-content/uploads/2023/11/DB_BP.gif","덤벨을 양손에 들고 벤치에 가슴을 펴고 누운 상태에서, 덤벨을 수직으로 들어올립니다. | 덤벨이 가로로 놓이게 잡아주고, 가슴 근육의 이완을 느끼며 팔을 굽히며 덤벨을 아래로 내립니다. | 가슴 근육의 수축을 느끼며 몸의 수직방향으로 덤벨을 밀어올립니다.",,0
140,딥스,가슴,"https://burnfit.io/wp-content/uploads/2023/11/DIPS.png,https://burnfit.io/wp-content/uploads/2023/11/DIPS.gif","딥스바의 폭을 어깨보다 살짝 넓게 셋팅한 상태에서, 손목이 꺾이지 않게 딥스바에 올라갑니다. | 상체는 살짝 앞으로 기울인상태로 팔꿈치가 90도가 될때까지 팔을 굽혀 몸을 내립니다. | 상체의 균형을 유지한채로 팔을 피면서 올라옵니다.",,0
141,중량 딥스,가슴,"https://burnfit.io/wp-content/uploads/2023/11/WEI_DIPS.png,https://burnfit.io/wp-content/uploads/2023/11/WEI_DIPS.gif","중량 도구를 몸에 장착하고, 손목이 꺾이지 않게 딥스바에 올라갑니다. | 상체는 살짝 앞으로 기울인상태로 팔꿈치가 90도가 될때까지 팔을 굽혀 몸을 내려줍니다. | 상체의 균형을 유지한채로 팔을 피면서 올라옵니다.",,0
142,인클라인 덤벨 플라이,가슴,"https://burnfit.io/wp-content/uploads/2023/11/DB_INC_FLY.png,https://burnfit.io/wp-content/uploads/2023/11/DB_INC_FLY.gif","벤치에 등을 기대고 누운 뒤 손바닥을 서로 마주보게 덤벨을 잡아, 바닥의 수직 방향으로 양팔을 밀어올립니다. | 팔꿈치는 자연스럽게 살짝 구부리면서 가슴 옆방향으로 팔을 천천히 펼쳐줍니다. | 팔로 반원을 그리며 덤벨을 모아 시작 자세로 돌아옵니다.",,0
143,푸시업,가슴,"https://burnfit.io/wp-content/uploads/2023/11/PUSH_UP.png,https://burnfit.io/wp-content/uploads/2023/11/PUSH_UP.gif",양팔을 가슴 옆에 두고 바닥에 엎드립니다. | 복근과 둔근에 힘을 준 상태로 팔꿈치를 피며 올라옵니다. | 천천히 팔꿈치를 굽히며 시작 자세로 돌아갑니다.,,0
144,중량 푸시업,가슴,"https://burnfit.io/wp-content/uploads/2023/11/WEI_PUSH_UP.png,https://burnfit.io/wp-content/uploads/2023/11/WEI_PUSH_UP.gif",양팔을 가슴 옆에 두고 바닥에 엎드립니다. | 중량판이 떨어지지 않도록 등 위에 올려둡니다. | 복근과 둔근에 힘을 준 상태로 팔꿈치를 피며 올라옵니다. | 천천히 팔꿈치를 굽히며 시작 자세로 돌아갑니다.,,1
145,힌두 푸시업,가슴,"https://burnfit.io/wp-content/uploads/2023/11/HINDU_PUSH_UP.png,https://burnfit.io/wp-content/uploads/2023/11/HINDU_PUSH_UP.gif","일반적인 푸시업 자세에서, 양발은 살짝 넓게 벌리고 엉덩이를 위로 올려줍니다. | 팔을 굽히면서 상체를 앞방향으로 밀어줍니다. 턱, 가슴, 복부 순으로 지면과 가까워지도록 움직입니다. | 복근과 둔근의 긴장상태를 유지하며 상체를 일으켜 세웁니다. | 팔을 뒤로 밀며 1번의 자세로 돌아갑니다.",,0
146,아처 푸시업,가슴,"https://burnfit.io/wp-content/uploads/2023/11/ARCHER_PUSH_UP.png,https://burnfit.io/wp-content/uploads/2023/11/ARCHER_PUSH_UP.gif","기본 푸시업 자세보다 팔의 너비를 넓게 벌립니다. | 양손 끝을 바깥으로 벌린 상태로, 몸의 체중을 한쪽 팔에 실으면서 아래로 내려갑니다. | 가슴에 긴장감을 유지하면서 1번의 자세로 돌아옵니다. | 반대편 팔에 체중을 실으면서 아래로 내려갔다 올라옵니다.",,0
147,클로즈그립 푸시업,가슴,"https://burnfit.io/wp-content/uploads/2023/11/CG_PUSH_UP.png,https://burnfit.io/wp-content/uploads/2023/11/CG_PUSH_UP.gif",가슴 아래에 양손을 모아 검지와 엄지 손가락이 ‘다이아몬드’ 형태가 되도록 놓고 푸시업 자세를 취합니다. | 코어에 힘을 주며 바닥으로 천천히 내려갑니다. 이때 팔꿈치는 몸에 최대한 붙여줍니다. | 손바닥으로 바닥을 밀면서 몸을 들어올려 시작 자세로 돌아갑니다.,,0
148,케이블 크로스오버,가슴,,,,0
149,체스트 프레스 머신,가슴,"https://burnfit.io/wp-content/uploads/2023/11/CHEST_PRESS_MC.png,https://burnfit.io/wp-content/uploads/2023/11/CHEST_PRESS_MC.gif","가슴을 활짝 편 상태로, 의자에 윗 등을 붙이고 앉습니다. | 양손으로 손잡이를 잡고, 가슴에 힘을 주면서 앞으로 밀어줍니다. (이때, 손잡이가 가슴 중앙에 위치할 수 있도록 벤치 높이를 조절합니다.) | 가슴 근육의 이완을 느끼면서 팔꿈치를 뒤로 천천히 이동합니다. (이때, 손목과 팔꿈치가 일직선이 되도록 합니다.)",,0
150,펙덱 플라이 머신,가슴,"https://burnfit.io/wp-content/uploads/2023/11/PEC_DECK_MC.png,https://burnfit.io/wp-content/uploads/2023/11/PEC_DECK_MC.gif","팔과 팔꿈치가 가슴 중앙에 위치할 수 있도록 머신을 조절한 후, 가슴을 펴고 의자에 앉습니다. | 팔꿈치는 직각을 만들어 패드에 붙이고, 팔을 가슴 안쪽으로 모아줍니다. | 가슴의 이완에 집중하면서 팔을 벌립니다.",,1
151,인클라인 벤치프레스 머신,가슴,"https://burnfit.io/wp-content/uploads/2023/11/INC_BP_MAC.png,https://burnfit.io/wp-content/uploads/2023/11/INC_BP_MAC.gif",기울어진 벤치에 가슴을 활짝펴고 기대어 손잡이를 잡습니다. | 가슴 근육의 수축을 느끼며 팔꿈치를 수직 방향으로 밀어올립니다. | 중량을 가슴 근육으로 받는다는 생각으로 팔꿈치를 굽힙니다.,,0
152,덤벨 풀오버,가슴,"https://burnfit.io/wp-content/uploads/2023/11/DB_PULLOVER.png,https://burnfit.io/wp-content/uploads/2023/11/DB_PULLOVER.gif",벤치에 등 상부를 대고 가슴을 펴고 눕습니다. | 덤벨을 세로로 잡고 몸의 수직방향으로 들어올립니다. | 덤벨을 머리 위쪽으로 멀리 보낸다고 생각하면서 천천히 내려줍니다. | 가슴과 등의 자극을 느끼면서 천천히 2번의 자세로 돌아옵니다.,,0
153,시티드 딥스 머신,가슴,"https://burnfit.io/wp-content/uploads/2023/11/SEAT_DIPS_MC.png,https://burnfit.io/wp-content/uploads/2023/11/SEAT_DIPS_MC.gif",운동 중간에 몸이 뜨지 않도록 엉덩이를 의자 안쪽에 깊숙히 넣어 앉습니다. | 아랫 가슴에 힘을 준상태로 손을 수직 아래 방향으로 밀어줍니다. | 천천히 가슴과 삼두에 자극을 느끼며 처음의 자세로 돌아옵니다.,,0
154,로우 풀리 케이블 플라이,가슴,"https://burnfit.io/wp-content/uploads/2023/11/LP_CABLE_FLY.png,https://burnfit.io/wp-content/uploads/2023/11/LP_CABLE_FLY.gif","케이블을 최하단에 고정하고 손바닥을 앞쪽으로 향하도록 잡습니다. | 케이블 가운데서 한 걸음 정도 앞으로 나온 상태에서, 가슴을 활짝펴고 곧게 섭니다. | 케이블의 경로를 거꾸로된 V 모양을 그리면서 손을 턱 앞까지 모아줍니다. | 윗 가슴의 자극을 느끼면서 천천히 시작 자세로 돌아갑니다.",,1
155,해머 벤치프레스,가슴,"https://burnfit.io/wp-content/uploads/2023/11/HAMMER_BP.png,https://burnfit.io/wp-content/uploads/2023/11/HAMMER_BP.gif",벤치에 누워 양손으로 그립을 잡아줍니다. | 허리를 벤치에 붙이기보다 아치형을 만든 상태에서 기구를 위로 들어올립니다. 이때 팔을 완전히 뻗는다기 보다는 가슴 근육을 수축시켜 준다는 느낌으로 들어올립니다. | 가슴 근육의 이완을 느끼면서 천천히 시작 자세로 돌아갑니다.,,1
156,스포토 벤치프레스,가슴,"https://burnfit.io/wp-content/uploads/2023/11/SPOTO_BP.png,https://burnfit.io/wp-content/uploads/2023/11/SPOTO_BP.gif","벤치에 가슴을 펴고 누운 상태에서, 바벨을 어깨너비보다 조금 넓게 잡고 위로 들어올립니다. | 가슴 근육의 이완을 느끼며 팔을 굽혀 바벨을 가슴 방향으로 내립니다. 이때 등을 타이트하게 잡아 바벨이 가슴에 닿지 못할 만큼 온몸에 강한 텐션을 유지합니다. | 온몸의 강한 텐션을 유지한채로, 가슴 근육의 수축을 느끼며 몸의 수직방향으로 바벨을 밀어올립니다.",,1
157,어시스트 딥스 머신,가슴,"https://burnfit.io/wp-content/uploads/2023/11/ASS_DIP_MC.png,https://burnfit.io/wp-content/uploads/2023/11/ASS_DIP_MC.gif","보조 받고 싶은 중량을 설정합니다. 중량이 클수록 더 많이 보조를 받게됩니다. | 손목이 꺾이지 않게 딥스 바에 올라가면서, 받침대에 양무릎을 올려 체중을 실어줍니다. | 상체는 살짝 앞으로 기울신 상태로 팔꿈치가 90도가 될때까지 팔을 굽혀 몸을 내립니다. | 상체의 균형을 유지한채로 팔을 피면서 올라옵니다.",,1
158,디클라인 벤치프레스,가슴,"https://burnfit.io/wp-content/uploads/2023/11/BB_DEC_BP.png,https://burnfit.io/wp-content/uploads/2023/11/BB_DEC_BP.gif","기울어진 벤치에 가슴을 펴고 누운 상태에서, 바벨을 어깨 너비보다 조금 넓게 잡아 지면의 수직방향으로 들어올립니다. | 가슴 근육의 이완을 느끼며 팔을 굽혀 바벨을 아랫 가슴 방향으로 내립니다. | 가슴 근육의 수축을 느끼며 바닥의 수직방향으로 바벨을 밀어올립니다.",,1
159,바벨 플로어 프레스,가슴,"https://burnfit.io/wp-content/uploads/2023/11/BB_FLOOR_PRESS.png,https://burnfit.io/wp-content/uploads/2023/11/BB_FLOOR_PRESS.gif","바닥에 가슴을 펴고 누운 상태에서, 바벨을 어깨너비보다 조금 넓게 잡고 위로 들어올립니다. | 가슴 근육의 이완을 느끼며 팔을 굽혀 바벨을 가슴 방향으로 내립니다. | 가슴 근육의 수축을 느끼며 몸의 수직방향으로 바벨을 밀어올립니다.",,1
160,클랩 푸시업,가슴,"https://burnfit.io/wp-content/uploads/2023/11/CLAP_PUSH_UP.png,https://burnfit.io/wp-content/uploads/2023/11/CLAP_PUSH_UP.gif",양팔을 가슴 옆에 두고 바닥에 엎드립니다. | 복근과 둔근에 힘을 준 상태로 팔꿈치를 힘차게 피며 올라옵니다. | 양손이 바닥에서 떨어질만큼 상체를 밀어올린 상태에서 박수를 칩니다. | 양팔로 중량을 유지하면서 시작 자세로 돌아갑니다.,,1
161,디클라인 덤벨 플라이,가슴,"https://burnfit.io/wp-content/uploads/2023/11/DB_DEC_FLY.png,https://burnfit.io/wp-content/uploads/2023/11/DB_DEC_FLY.gif","벤치에 등을 기대고 누운 뒤 손바닥을 서로 마주보게 덤벨을 잡아, 바닥의 수직 방향으로 양팔을 밀어올립니다. | 팔꿈치는 자연스럽게 살짝 구부리면서 가슴 옆방향으로 팔을 천천히 펼쳐줍니다. | 팔로 반원을 그리며 덤벨을 모아 시작 자세로 돌아옵니다.",,1
162,인클라인 푸시업,가슴,"https://burnfit.io/wp-content/uploads/2023/11/INC_PUSH_UP.png,https://burnfit.io/wp-content/uploads/2023/11/INC_PUSH_UP.gif","양팔을 단차가 있는 구조물 위에, 가슴 너비보다 조금 넓게 위치시킵니다. | 천천히 팔꿈치를 굽히면서 가슴에 구조물이 닿을때까지 내려갑니다. | 복근과 둔근에 힘을 준 상태로 팔꿈치를 피며 올라옵니다.",,1
163,파이크 푸시업,가슴,"https://burnfit.io/wp-content/uploads/2023/11/PIKE_PUSH_UP.png,https://burnfit.io/wp-content/uploads/2023/11/PIKE_PUSH_UP.gif",엉덩이를 최대한 높이 들어올린 상태로 양손과 양발을 바닥에 고정합니다. | 이마가 바닥에 닿는다는 느낌으로 천천히 팔꿈치를 굽혀 내려갑니다. | 전면 삼각근과 삼두의 힘을 이용하여 다시 시작 자세로 돌아갑니다.,,1
164,디클라인 체스트 프레스 머신,가슴,"https://burnfit.io/wp-content/uploads/2023/11/DEC_CHEST_MAC.png,https://burnfit.io/wp-content/uploads/2023/11/DEC_CHEST_MAC.gif","가슴을 활짝 편 상태로, 기울어진 벤치에 등을 붙이고 앉습니다. | 양손으로 손잡이를 잡고, 가슴에 힘을 주면서 앞으로 밀어줍니다. | 가슴 근육의 이완을 느끼면서 팔꿈치를 뒤로 천천히 이동합니다.",,1
165,인클라인 덤벨 트위스트 프레스,가슴,"https://burnfit.io/wp-content/uploads/2023/11/INC_DB_TWIST_PRESS.png,https://burnfit.io/wp-content/uploads/2023/11/INC_DB_TWIST_PRESS.gif","덤벨을 양손에 들고 기울어진 벤치에 가슴을 펴고 누운 상태에서, 덤벨을 바닥에 수직하게 들어올립니다. | 덤벨이 가로로 놓이게 잡아주고, 가슴 근육의 이완을 느끼며 팔을 굽혀 덤벨을 아래로 내립니다. | 가슴 근육의 수축을 느끼며 덤벨을 90도 회전시키면서 덤벨을 밀어올립니다.",,1
166,인클라인 케이블 플라이,가슴,"https://burnfit.io/wp-content/uploads/2023/11/INC_CABLE_FLY.png,https://burnfit.io/wp-content/uploads/2023/11/INC_CABLE_FLY.gif",벤치에 가슴을 펴고 누운 상태에서 양손으로 케이블을 잡습니다. | 팔꿈치를 살짝 구부려 팔의 개입이 최소화할 수 있도록 자세를 잡습니다. | 원을 그리듯 천천히 양팔을 모아주며 가슴 근육을 수축시킵니다. | 가슴 근육의 이완을 느끼면서 천천히 팔을 내려줍니다.,,1
167,덤벨 컬,팔,,,,0
168,덤벨 트라이셉 익스텐션,팔,"https://burnfit.io/wp-content/uploads/2023/11/DB_TRI_EXT.png,https://burnfit.io/wp-content/uploads/2023/11/DB_TRI_EXT.gif","양발을 골반너비로 적당히 벌리고, 덤벨을 양손으로 잡고 섭니다. | 덤벨을 잡은 양팔의 팔꿈치를 직각으로 만들면서 머리 뒤로 넘깁니다. | 팔꿈치를 고정한 상태로 덤벨을 위로 들어올립니다.",,0
169,덤벨 킥백,팔,"https://burnfit.io/wp-content/uploads/2023/11/DB_KICKBACK.png,https://burnfit.io/wp-content/uploads/2023/11/DB_KICKBACK.gif","덤벨을 쥔 팔의 상완근 부위(삼두)가 바닥과 평행하도록 자세를 잡습니다. | 팔꿈치를 고정한 상태로 덤벨을 다리쪽으로 멀리 보낸다는 생각으로 들어올립니다. | 삼두근을 일정기간 수축한뒤, 덤벨을 내리며 시작 자세로 돌아옵니다.",,0
170,케이블 컬,팔,,,,0
171,케이블 푸시 다운,팔,"https://burnfit.io/wp-content/uploads/2023/11/CABLE_PUSH_DOWN.png,https://burnfit.io/wp-content/uploads/2023/11/CABLE_PUSH_DOWN.gif","케이블을 바라본 상태에서, 허리를 살짝 숙이고 엉덩이는 뒤로 빼줍니다. | 어깨와 팔꿈치가 일직선상에 있도록 고정한 상태로, 케이블을 몸쪽으로 당겨줍니다. 팔꿈치는 최대한 펴줍니다. | 삼두에 자극을 느끼면서 팔꿈치를 천천히 굽혀, 시작 자세로 돌아갑니다.",,0
172,바벨 컬,팔,"https://burnfit.io/wp-content/uploads/2023/11/BB_BC_CURL.png,https://burnfit.io/wp-content/uploads/2023/11/BB_BC_CURL.gif","양발을 어깨너비로 적당히 벌려 서고, 바벨을 어깨보다 살짝 넓게 잡고 섭니다. | 팔꿈치를 고정한 상태에서, 이두의 힘으로 바벨을 들어올립니다. | 이두의 긴장감을 유지하면서 바벨을 천천히 내립니다.",,0
173,이지바 컬,팔,"https://burnfit.io/wp-content/uploads/2023/11/EZB_CURL.png,https://burnfit.io/wp-content/uploads/2023/11/EZB_CURL.gif","양발을 어깨너비로 적당히 벌려 서고, 이지바를 어깨너비만큼 잡고 섭니다. | 팔꿈치를 고정한 상태에서, 이두의 힘으로 바를 들어올립니다. | 이두의 긴장감을 유지하면서 바를 천천히 내립니다.",,0
174,덤벨 해머 컬,팔,"https://burnfit.io/wp-content/uploads/2023/11/DB_HAM_CURL.png,https://burnfit.io/wp-content/uploads/2023/11/DB_HAM_CURL.gif","양 손바닥이 마주보게 덤벨을 잡고, 몸을 곧게 펴고 섭니다. | 팔꿈치를 고정한 상태로, 덤벨을 최대한 들어 올립니다. | 천천히 덤벨을 내려 시작 자세로 돌아옵니다.",,0
175,클로즈 그립 벤치프레스,팔,"https://burnfit.io/wp-content/uploads/2023/11/CG_BB_BP.png,https://burnfit.io/wp-content/uploads/2023/11/CG_BB_BP.gif","벤치에 가슴을 펴고 누운 상태에서, 바벨을 어깨너비보다 조금 좁게 잡고 위로 들어올립니다. | 삼두근의 이완을 느끼면서 바벨을 가슴 하부 방향으로 천천히 내립니다. | 삼두근의 수축을 느끼며 몸의 수직방향으로 바벨을 밀어올립니다.",,0
176,시티드 덤벨 트라이셉 익스텐션,팔,"https://burnfit.io/wp-content/uploads/2023/11/SEAT_DB_TRI_EXT.png,https://burnfit.io/wp-content/uploads/2023/11/SEAT_DB_TRI_EXT.gif",덤벨을 양손으로 잡고 의자에 허리를 곧게 세우고 앉습니다. | 덤벨을 잡은 양팔의 팔꿈치를 직각으로 만들면서 머리뒤로 넘깁니다. | 팔꿈치를 고정한 상태로 덤벨을 위로 들어올립니다.,,0
177,케이블 트라이셉 익스텐션,팔,"https://burnfit.io/wp-content/uploads/2023/11/CABLE_TRI_EXT.png,https://burnfit.io/wp-content/uploads/2023/11/CABLE_TRI_EXT.gif","케이블 머신에 로프를 연결하고, 로프를 앞으로 당기면서 상체를 숙여줍니다. | 팔꿈치를 고정한 상태에서, 천천히 로프를 앞으로 밀면서 팔을 펴줍니다. | 삼두에 자극을 느끼면서 천천히 시작 자세로 돌아갑니다.",,0
178,바벨 리스트 컬,팔,"https://burnfit.io/wp-content/uploads/2023/11/BB_WRIST_CURL.png,https://burnfit.io/wp-content/uploads/2023/11/BB_WRIST_CURL.gif","벤치에 양손을 올린 뒤, 바벨을 언더 그립(손바닥을 위로 향하게 잡는 방법)으로 잡습니다. | 손목을 아래쪽으로 젖혀주면서 손가락을 살짝 풀어줍니다. | 손가락과 손목을 최대한 높이 말아올리면서 전완근을 수축시켜줍니다.",,0
179,이지바 리스트 컬,팔,"https://burnfit.io/wp-content/uploads/2023/11/EZB_WRIST_CURL.png,https://burnfit.io/wp-content/uploads/2023/11/EZB_WRIST_CURL.gif","벤치에 양손을 올린 뒤, 이지바를 언더 그립(손바닥을 위로 향하게 잡는 방법)으로 잡습니다. | 손목을 아래쪽으로 젖혀주면서 손가락을 살짝 풀어줍니다. | 손가락과 손목을 최대한 높이 말아올리면서 전완근을 수축시켜줍니다.",,0
180,덤벨 리스트 컬,팔,"https://burnfit.io/wp-content/uploads/2023/11/DB_WRIST_CURL.png,https://burnfit.io/wp-content/uploads/2023/11/DB_WRIST_CURL.gif","벤치에 팔을 댄 상태로, 덤벨을 언더 그립(손바닥을 위로 향하게 잡는 방법)으로 잡습니다. | 손목을 아래쪽으로 젖혀주면서 손가락을 살짝 풀어줍니다. | 손가락과 손목을 최대한 높이 말아올리면서 전완근을 수축시켜줍니다.",,0
181,스컬 크러셔,팔,"https://burnfit.io/wp-content/uploads/2023/11/SKULL_CRUSH.png,https://burnfit.io/wp-content/uploads/2023/11/SKULL_CRUSH.gif","벤치에 누워 양손으로 바를 잡아 수직으로 들어올립니다. | 팔꿈치를 고정한 상태에서, 이마에 닿을 높이까지 바를 내려줍니다. | 내려온 동선을따라 바를 들어올려 시작 자세로 돌아갑니다.",,0
182,바벨 라잉 트라이셉 익스텐션,팔,"https://burnfit.io/wp-content/uploads/2023/11/LYING_TRI_EXT.png,https://burnfit.io/wp-content/uploads/2023/11/LYING_TRI_EXT.gif","벤치에 누워 양손으로 바를 잡아 수직으로 들어올립니다. | 팔꿈치를 고정한 상태에서, 이마를 넘겨 정수리 위까지 바를 내려줍니다. | 내려온 동선을따라 바를 들어올려 시작 자세로 돌아갑니다.",,0
183,덤벨 프리쳐 컬,팔,"https://burnfit.io/wp-content/uploads/2023/11/DB_PREA_CURL.png,https://burnfit.io/wp-content/uploads/2023/11/DB_PREA_CURL.gif","양손에 덤벨을 든 상태로, 가슴을 경사면에 기대고 양팔은 경사면 위에 올려줍니다. | 상체와 팔꿈치를 고정한 상태를 유지하며, 이두근의 수축을 느끼며 덤벨을 당겨 올립니다. | 이때 가동범위를 최대한 살려 전완이 지면과 수직을 이루는 지점까지 말아올릴 수 있도록 합니다. | 천천히 덤벨을 내리다가 팔이 완전히 펴지기 직전에 멈춥니다.",,0
184,바벨 프리쳐 컬,팔,"https://burnfit.io/wp-content/uploads/2023/11/BB_PREA_CURL.png,https://burnfit.io/wp-content/uploads/2023/11/BB_PREA_CURL.gif","양손에 바벨을 든 상태로, 가슴을 경사면에 기대고 양팔은 경사면 위에 올려줍니다. | 상체와 팔꿈치를 고정한 상태를 유지하며, 이두근의 수축을 느끼며 바벨을 당겨 올립니다. | 이때 가동범위를 최대한 살려 전완이 지면과 수직을 이루는 지점까지 말아올릴 수 있도록 합니다. | 천천히 바벨을 내리다가 팔이 완전히 펴지기 직전에 멈춥니다.",,0
185,이지바 프리쳐 컬,팔,"https://burnfit.io/wp-content/uploads/2023/11/EZ_PREA_CURL.png,https://burnfit.io/wp-content/uploads/2023/11/EZ_PREA_CURL.gif","양손에 이지바를 든 상태로, 가슴을 경사면에 기대고 양팔은 경사면 위에 올려줍니다. | 상체와 팔꿈치를 고정한 상태를 유지하며, 이두근의 수축을 느끼며 이지바를 당겨 올립니다. | 이때 가동범위를 최대한 살려 전완이 지면과 수직을 이루는 지점까지 말아올릴 수 있도록 합니다. | 천천히 이지바를 내리다가 팔이 완전히 펴지기 직전에 멈춥니다.",,0
186,프리쳐 컬 머신,팔,"https://burnfit.io/wp-content/uploads/2023/11/PREA_CURL_MAC.png,https://burnfit.io/wp-content/uploads/2023/11/PREA_CURL_MAC.gif","가슴은 경사면에 기댄 상태에서 양손으로 손잡이를 잡아 경사면 위에 올려줍니다. | 상체와 팔꿈치를 고정한 상태를 유지하며, 이두근의 수축을 느끼며 손잡이를 당겨 올립니다. | 이때 가동범위를 최대한 살려 전완이 지면과 수직을 이루는 지점까지 말아올릴 수 있도록 합니다. | 천천히 손잡이를 내리다가 팔이 완전히 펴지기 직전에 멈춥니다.",,0
187,암 컬 머신,팔,"https://burnfit.io/wp-content/uploads/2023/11/ARM_CURL_MC.png,https://burnfit.io/wp-content/uploads/2023/11/ARM_CURL_MC.gif",겨드랑이를 패드에 밀착시킨 상태로 기구에 앉습니다. | 팔꿈치를 고정한 상태로 이두에 힘을주어 팔을 당겨 올립니다. | 이두에 자극을 느끼며 천천히 팔을 내려 처음의 자세로 돌아갑니다.,,0
188,케이블 해머컬,팔,"https://burnfit.io/wp-content/uploads/2023/11/CABLE_HAM_CURL.png,https://burnfit.io/wp-content/uploads/2023/11/CABLE_HAM_CURL.gif","케이블을 최하단에 고정한 상태에서, 상체를 곧게 펴고 양손으로 그립을 잡습니다. | 팔꿈치를 고정한 상태에서 이두의 힘으로 팔을 당겨 올립니다. | 이두근의 자극을 느끼며 천천히 시작 자세로 돌아갑니다.",,0
189,케이블 오버헤드 트라이셉 익스텐션,팔,"https://burnfit.io/wp-content/uploads/2023/11/CABLE_OHT_EXT.png,https://burnfit.io/wp-content/uploads/2023/11/CABLE_OHT_EXT.gif",로프를 케이블 상단에 걸고 양손으로 로프를 잡습니다. | 케이블을 등지고 선 상태에서 한발을 앞으로 내밀고 상체를 앞으로 기울이고 무릎을 살짝 구부린 상태를 유지합니다. | 팔꿈치를 머리 옆에 고정한 상태를 유지하면서 팔을 힘차게 앞으로 뻗습니다. | 삼두의 자극을 느끼면서 천천히 시작 자세로 돌아갑니다.,,0
190,케이블 라잉 트라이셉 익스텐션,팔,"https://burnfit.io/wp-content/uploads/2023/11/CABLE_LYING_TRI_EXT.png,https://burnfit.io/wp-content/uploads/2023/11/CABLE_LYING_TRI_EXT.gif","벤치에 누워 양손으로 바를 잡아 수직으로 들어올립니다. | 팔꿈치를 고정한 상태에서, 이마를 넘겨 정수리 위까지 바를 내려줍니다. | 내려온 동선을따라 바를 들어올려 시작 자세로 돌아갑니다.",,0
191,리버스 바벨 리스트 컬,팔,"https://burnfit.io/wp-content/uploads/2023/11/REV_BB_WRIST_CURL.png,https://burnfit.io/wp-content/uploads/2023/11/REV_BB_WRIST_CURL.gif","바벨을 손등이 하늘을 향한 상태에서 어깨너비보다 약간 좁게 잡고, 벤치 위에 전완부를 올려놓습니다. | 손목을 바닥 방향으로 구부리면서 바벨을 내립니다. | 손목을 위로 최대한 끌어올린다는 생각으로 바벨을 들어올립니다.",,0
192,리버스 덤벨 리스트 컬,팔,"https://burnfit.io/wp-content/uploads/2023/11/REV_DB_WRIST_CURL.png,https://burnfit.io/wp-content/uploads/2023/11/REV_DB_WRIST_CURL.gif","벤치에 앉아 손등이 하늘을 향하도록 덤벨을 잡고, 허벅지 위에 전완부를 올려놓습니다. | 손바닥을 바닥 방향으로 구부리면서 덤벨을 내립니다. | 손바닥을 위로 최대한 끌어올린다는 생각으로 덤벨을 들어올립니다.",,0
193,인클라인 덤벨 컬,팔,"https://burnfit.io/wp-content/uploads/2023/11/INC_DB_CURL.png,https://burnfit.io/wp-content/uploads/2023/11/INC_DB_CURL.gif","양손으로 덤벨을 들고 인클라인 벤치에 앉습니다. | 운동중 상체가 움직이지 견갑을 고정한 상태로 팔과 덤벨이 바닥과 수직이 되도록 자세를 잡습니다. | 이두근으로만 덤벨을 들어올린다는 생각으로 팔을 구부립니다. (이때, 팔꿈치가 움직이지 않도록 고정된 상태를 유지합니다.) | 구부린 팔을 펴면서 시작 자세로 돌아갑니다.",,0
194,벤치 딥스,팔,"https://burnfit.io/wp-content/uploads/2023/11/BENCH_DIPS.png,https://burnfit.io/wp-content/uploads/2023/11/BENCH_DIPS.gif",양손을 어깨너비만큼 벌려 벤치 모서리를 잡아줍니다. (어깨의 유연성이 부족하다고 생각된다면 어깨너비 보다 넓게 벌려 잡습니다.) | 발의 위치에 따라 강도가 조절되므로 적당한 위치를 설정합니다. (몸에서 멀어질수록 강도가 올라가고 가까워질수록 강도가 약해집니다.) | 팔을 굽혀서 몸을 수직방향으로 내립니다. 이때 양 팔꿈치를 뒤쪽 직각방향으로 움직일수 있도록 합니다. | 삼두근의 자극을 느끼며 몸을 밀어올려 시작자세로 돌아갑니다.,,0
195,리스트 롤러,팔,"https://burnfit.io/wp-content/uploads/2023/11/WRIST_ROLLER.png,https://burnfit.io/wp-content/uploads/2023/11/WRIST_ROLLER.gif","롤러의 손잡이를 손등이 하늘을 향하도록 잡은 상태에서, 양팔을 앞으로 쭉 펴줍니다. | 양팔이 펴진 상태를 유지하면서 한손으로 최대한 감을수 있을만큼 크게 손잡이를 돌려줍니다. | 양손을 번갈아 한번씩 감아줍니다. | 롤러를 다 감았으면 반대 방향으로 손잡이를 감으며 롤러를 풀어줍니다.",,0
196,리버스 바벨 컬,팔,"https://burnfit.io/wp-content/uploads/2023/11/REV_BB_CURL.png,https://burnfit.io/wp-content/uploads/2023/11/REV_BB_CURL.gif","양발을 어깨너비로 적당히 벌려선 상태에서, 손등이 앞을 바라보도록 바벨을 잡습니다. | 팔꿈치를 고정한 상태에서 이두의 힘으로 바벨을 들어올립니다. 이때 어깨가 말리지 않도록 가슴을 활짝편 상태를 유지합니다. | 이두의 긴장감을 유지하면서 바벨을 천천히 내립니다.",,0
197,트라이셉 익스텐션 머신,팔,"https://burnfit.io/wp-content/uploads/2023/11/TRI_EXT_MC.png,https://burnfit.io/wp-content/uploads/2023/11/TRI_EXT_MC.gif",머신에 앉은 상태에서 패드에 팔꿈치를 대고 양손으로 손잡이를 잡습니다. | 팔꿈치를 고정한 상태에서 천천히 팔을 펴줍니다. | 삼두에 자극을 느끼면서 천천히 시작 자세로 돌아갑니다.,,0
198,스미스머신 로우,등,,,,0
199,덤벨 로우,등,"https://burnfit.io/wp-content/uploads/2023/11/DB_LOW.png,https://burnfit.io/wp-content/uploads/2023/11/DB_LOW.gif","다리를 골반너비로 벌리고, 상체를 숙여 손등이 위로 향하게끔 덤벨을 잡습니다. | 허리가 구부러지지 않게 중립 상태를 유지한 채로, 무릎 높이로 덤벨을 들어올린다. | 팔꿈치를 몸쪽으로 붙인다는 생각으로 팔을 굽혀 덤벨을 복부까지 끌어당겨 줍니다. | 등의 자극을 느끼며 덤벨을 내려 2번의 자세로 돌아갑니다.",,0
200,원암 덤벨 로우,등,"https://burnfit.io/wp-content/uploads/2023/11/OA_DB_ROW.png,https://burnfit.io/wp-content/uploads/2023/11/OA_DB_ROW.gif","등을 곧게 피고 상체를 기울인 상태로, 운동하지 않는 손과 무릎을 벤치에 고정시킵니다. | 덤벨을 잡은 손을 아래로 펴서, 등 근육을 이완 시켜줍니다. | 덤벨을 옆구리까지 힘차게 들어올립니다. | 등(광배근)의 자극을 느끼며 덤벨을 내려 2번의 자세로 돌아갑니다.",,0
201,케이블 암 풀다운,등,"https://burnfit.io/wp-content/uploads/2023/11/CABLE_ARM_PULL_DOWN.png,https://burnfit.io/wp-content/uploads/2023/11/CABLE_ARM_PULL_DOWN.gif","양 발을 어깨너비만큼 벌린 상태로 케이블을 바라보고 섭니다. | 양손을 어깨너비보다 살짝 넓게 벌려 케이블에 연결한 바를 잡습니다. (엄지가 올라가는 썸리스그립으로 잡으면 광배근에 더 큰 자극을 줄 수 있습니다.) | 무릎을 살짝 굽히고 상체를 45도 각도로 숙인 상태에서 광배근의 자극을 느끼며 팔을 아래로 당깁니다. 이때, 팔이 굽혀지지 않게 힘을 준 상태로 삼두를 광배에 붙여준다고 생각하면서 등을 수축합니다. | 가슴을 활짝 편 상태로 광배에 자극을 느끼면서 천천히 시작 자세로 돌아갑니다.",,0
202,시티드 케이블 로우,등,"https://burnfit.io/wp-content/uploads/2023/11/SEATED_CABLE_ROW.png,https://burnfit.io/wp-content/uploads/2023/11/SEATED_CABLE_ROW.gif",케이블을 마주보고 앉아 발판에 발을 올린후 무릎을 살짝 굽혀줍니다. | 허리를 펴고 가슴을 내민 상태에서 케이블을 잡아 당깁니다. 이때 등 중앙부를 접는다는 느낌으로 팔꿈치를 척추쪽으로 모아줍니다. | 중량을 등으로 버티면서 천천히 팔을 펴서 시작 자세로 돌아갑니다.,,0
203,굿모닝 엑서사이즈,등,"https://burnfit.io/wp-content/uploads/2023/11/GOOD_MORN.png,https://burnfit.io/wp-content/uploads/2023/11/GOOD_MORN.gif","발은 어깨너비 정도로 벌리고, 가슴을 세우고 허리에 긴장감을 유지합니다. | 골반을 뒤로 빼고 인사하듯 상체를 숙여줍니다. (이때, 척추를 곧게 펴고 유지할 수 있는만큼만 상체를 숙여줍니다.) | 허리에 긴장감을 유지하면서 일어납니다.",,0
204,풀업,등,"https://burnfit.io/wp-content/uploads/2023/11/PULL_UP.png,https://burnfit.io/wp-content/uploads/2023/11/PULL_UP.gif","팔을 어깨 너비만큼 벌리고, 손바닥이 앞을 바라본 상태로 바를 잡고매달립니다. | 가슴을 편 상태로 바를 구부려 준다는 느낌으로 팔을 당겨 올라갑니다. | 상체가 흔들리지 않도록 자세를 유지하면서 내려옵니다.",,0
205,중량 풀업,등,"https://burnfit.io/wp-content/uploads/2023/11/WEI_PULL_UP.png,https://burnfit.io/wp-content/uploads/2023/11/WEI_PULL_UP.gif","중량 도구를 몸에 장착하고, 팔을 어깨 너비보다 살짝 넓게 벌린 상태로 바에 매달립니다. | 가슴을 편 상태로 바를 구부려 준다는 느낌으로 팔을 당겨 올라갑니다. | 등에 자극을 느끼면서 내려와 시작 자세로 돌아갑니다.",,0
206,친업,등,"https://burnfit.io/wp-content/uploads/2023/11/CHIN_UP.png,https://burnfit.io/wp-content/uploads/2023/11/CHIN_UP.gif","팔을 어깨 너비만큼 벌리고, 손등이 앞을 바라본 상태로 바를 잡고 매달립니다. | 가슴을 핀 상태로 팔을 당겨 몸을 끌어올립니다. | 상체가 흔들리지 않도록 자세를 유지하면서 내려옵니다.",,0
207,중량 친업,등,"https://burnfit.io/wp-content/uploads/2023/11/WEI_CHIN_UP.png,https://burnfit.io/wp-content/uploads/2023/11/WEI_CHIN_UP.gif","중량 도구를 몸에 장착하고, 손등이 앞을 바라본 상태로 바를 잡고 매달립니다. | 가슴을 핀 상태로 팔을 당겨 몸을 끌어올립니다. | 상체가 흔들리지 않도록 자세를 유지하면서 내려옵니다.",,0
208,바벨 로우,등,,,,0
209,펜들레이 로우,등,,,,0
210,인클라인 바벨 로우,등,"https://burnfit.io/wp-content/uploads/2023/11/INC_BB_ROW.png,https://burnfit.io/wp-content/uploads/2023/11/INC_BB_ROW.gif","경사진 벤치에 몸을 기대고, 어깨너비보다 조금 넓게 바벨을 잡습니다. | 복부와 가슴을 벤치에 밀착시킨 상태로, 바벨을 배꼽방향으로 힘차게 당겨 올립니다. | 천천히 팔을 피면서 시작 자세로 돌아갑니다.",,0
211,인클라인 덤벨 로우,등,"https://burnfit.io/wp-content/uploads/2023/11/INC_DB_ROW.png,https://burnfit.io/wp-content/uploads/2023/11/INC_DB_ROW.gif",양손에 덤벨을 잡고 경사진 벤치에 몸을 기대어 복부와 가슴을 벤치에 밀착하여 엎드립니다. | 팔꿈치를 옆구리에 붙인다는 느낌으로 덤벨을 복부 아래쪽으로 힘차게 당겨 올립니다. | 천천히 팔을 피면서 시작 자세로 돌아갑니다.,,0
212,인버티드 로우,등,"https://burnfit.io/wp-content/uploads/2023/11/INVT_ROW.png,https://burnfit.io/wp-content/uploads/2023/11/INVT_ROW.gif","고정된 바를 어깨너비보다 살짝 넓게 잡고 상체를 곧게 편 상태로 메달립니다. | 엉덩이가 쳐지지 않게 등을 평평하게 유지한 상태로, 바에 가슴이 닿을정도로 힘껏 당깁니다. | 올라온 동선의 역방향으로 천천히 몸을 내려 1번의 자세로 돌아갑니다.",,0
213,바벨 풀오버,등,"https://burnfit.io/wp-content/uploads/2023/11/BB_PULLOVER.png,https://burnfit.io/wp-content/uploads/2023/11/BB_PULLOVER.gif","바벨을 어깨너비로 잡고 벤치에 가슴을 펴고 누운 상태에서, 바벨을 수직으로 들어올립니다. | 팔꿈치가 하늘을 향하도록 살짝 구부린 상태에서, 바벨을 머리 뒤로 큰 호를 그리며 내려줍니다. | 팔꿈치를 고정한 상태에서, 내려갔던 동선을 따라 바벨을 밀어올립니다.",,0
214,시티드 로우 머신,등,"https://burnfit.io/wp-content/uploads/2023/11/MC_LOW.png,https://burnfit.io/wp-content/uploads/2023/11/MC_LOW.gif","기구에 앉아 상체를 고정한 상태에서, 손잡이를 양손으로 잡습니다. | 등이 굽지 않고 곧게 편 상태를 유지하며 팔꿈치를 몸에 붙여 당깁니다. (이때, 팔 힘이아닌 등의 힘을 사용하여 등에 자극이 느껴지도록 합니다.) | 등의 긴장감을 유지하며 천천히 팔을 펴줍니다.",,0
215,랫풀다운,등,"https://burnfit.io/wp-content/uploads/2023/11/LAT_PULL_DOWN.png,https://burnfit.io/wp-content/uploads/2023/11/LAT_PULL_DOWN.gif","허벅지 지지대의 높낮이를 알맞게 조절하고, 바를 어깨너비보다 넓게 잡고 의자에 앉습니다. | 허벅지를 지지대에 고정하고 가슴을 편상태로, 바가 쇄골에 닿을정도로 바를 당겨줍니다. (이때, 팔이 아닌 등(광배근)의 힘으로 바를 당겨줍니다.) | 광배근이 이완하는 것을 느끼면서 천천히 팔을 폅니다.",,0
216,하이퍼 익스텐션,등,,,,0
217,중량 하이퍼 익스텐션,등,"https://burnfit.io/wp-content/uploads/2023/11/WEI_HPET.png,https://burnfit.io/wp-content/uploads/2023/11/WEI_HPET.gif","얼굴이 바닥을 향한 상태로, 발뒤꿈치와 허벅지를 머신에 고정시킵니다. | 양손으로 중량판을 고정한 상태로, 등 하부 근육이 이완되는걸 느끼면서 상체를 숙여줍니다. | 등 하부의 자극을 느끼면서, 상체를 들어올립니다.",,0
218,백 익스텐션,등,"https://burnfit.io/wp-content/uploads/2023/11/BACK_ET.png,https://burnfit.io/wp-content/uploads/2023/11/BACK_ET.gif","양손과 양발을 적당히 벌린 상태로 바닥에 엎드립니다. | 턱을 당겨 척추 라인을 곧게 편 상태로, 등 하부에 수축을 느끼면서 팔꿈치와 무릎을 들어올립니다. | 등 하부에 긴장감을 느끼면서 천천히 팔, 다리를 내려 시작 자세로 돌아옵니다.",,0
219,티바 로우 머신,등,"https://burnfit.io/wp-content/uploads/2023/11/T_BAR_ROW_MAC.png,https://burnfit.io/wp-content/uploads/2023/11/T_BAR_ROW_MAC.gif","골반너비로 다리를 벌린 상태로 로우 머신을 몸의 중앙에 위치시킵니다. | 허리가 구부러지지 않게 중립 상태를 유지한 채로, 머신을 양손으로 잡습니다. | 팔꿈치를 몸쪽으로 붙인다는 생각으로 팔을 굽혀 머신을 복부까지 끌어당겨 줍니다. | 등의 자극을 느끼며 머신을 내려 2번의 자세로 돌아갑니다.",,0
220,맥그립 랫풀다운,등,"https://burnfit.io/wp-content/uploads/2023/11/MAG_LAT_PULL_DOWN.png,https://burnfit.io/wp-content/uploads/2023/11/MAG_LAT_PULL_DOWN.gif","허벅지 지지대의 높낮이를 알맞게 조절하고, 맥그립을 양손으로 잡고 의자에 앉습니다. | 허벅지를 지지대에 고정하고 가슴을 편상태로, 맥그립이 쇄골에 닿을정도로 당겨줍니다. 이때, 팔이 아닌 등(광배근)의 힘으로 바를 당겨줍니다. | 광배근이 이완하는 것을 느끼면서 천천히 팔을 폅니다.",,0
221,패러럴그립 랫풀다운,등,"https://burnfit.io/wp-content/uploads/2023/11/PAR_LAT_PULL_DOWN.png,https://burnfit.io/wp-content/uploads/2023/11/PAR_LAT_PULL_DOWN.gif","허벅지 지지대의 높낮이를 알맞게 조절하고, 패러럴그립을 양손으로 좁게 잡고 의자에 앉습니다. | 허벅지를 지지대에 고정하고 가슴을 편상태로, 패러럴그립이 쇄골에 닿을정도로 당겨줍니다. 이때, 팔이 아닌 등(광배근)의 힘으로 바를 당겨줍니다. | 광배근이 이완하는 것을 느끼면서 천천히 팔을 폅니다.",,0
222,언더그립 랫풀다운,등,"https://burnfit.io/wp-content/uploads/2023/11/REV_LAT_PULL_DOWN.png,https://burnfit.io/wp-content/uploads/2023/11/REV_LAT_PULL_DOWN.gif","허벅지 지지대의 높낮이를 알맞게 조절하고, 바를 어깨너비만큼 벌려 언더그립(손바닥이 위를 향하도록 잡는 방법)으로 잡고 의자에 앉습니다. | 허벅지를 지지대에 고정하고 가슴을 편상태로, 바가 쇄골에 닿을정도로 당겨줍니다. 이때, 팔이 아닌 등(광배근)의 힘으로 바를 당겨줍니다. | 광배근이 이완하는 것을 느끼면서 천천히 팔을 폅니다.",,0
223,정지 바벨 로우,등,"https://burnfit.io/wp-content/uploads/2023/11/PAUSE_BB_ROW.png,https://burnfit.io/wp-content/uploads/2023/11/PAUSE_BB_ROW.gif","골반너비로 다리를 벌리고, 상체를 숙여 손등이 위로 향하게끔 바벨을 잡습니다. | 허리가 구부러지지 않게 중립 상태를 유지한 채로, 무릎 높이로 바벨을 들어올립니다. | 팔꿈치를 몸쪽으로 붙인다는 생각으로 팔을 굽혀 바벨을 복부까지 끌어당겨 줍니다. | 바벨을 최대 높이로 당긴 자세를 2~3초간 유지합니다. | 등의 자극을 느끼며 바벨을 내려 2번 자세로 돌아갑니다.",,0
224,어시스트 풀업 머신,등,"https://burnfit.io/wp-content/uploads/2023/11/ASS_PULLUP_MC.png,https://burnfit.io/wp-content/uploads/2023/11/ASS_PULLUP_MC.gif","보조 받고 싶은 중량을 설정합니다. 중량이 클수록 더 많이 보조를 받게됩니다. | 팔을 어깨 너비보다 넓게 벌리고 바를 잡은 상태에서, 받침대에 양발을 올려 체중을 실어줍니다. | 가슴을 편 상태로 바를 구부려 준다는 느낌으로 팔을 당겨 올라갑니다. | 상체가 흔들리지 않도록 자세를 유지하면서 내려옵니다.",,0
225,플로어 시티드 케이블 로우,등,"https://burnfit.io/wp-content/uploads/2023/11/FLOOR_SEATED_ROW.png,https://burnfit.io/wp-content/uploads/2023/11/FLOOR_SEATED_ROW.gif","상체를 곧게 펴고 바닥에 앉아 손잡이를 양손으로 잡습니다. | 허리를 펴고 가슴을 내민 상태에서, 등 중앙부를 접는다는 느낌으로 팔꿈치를 몸에 붙여 당깁니다. | 등의 긴장감을 유지하며 천천히 팔을 펴줍니다.",,0
226,레터럴 와이드 풀다운,등,,,,0
227,언더그립 바벨 로우,등,"https://burnfit.io/wp-content/uploads/2023/11/REV_BB_ROW.png,https://burnfit.io/wp-content/uploads/2023/11/REV_BB_ROW.gif","골반너비로 다리를 벌리고, 상체를 숙여 손바닥이 위로 향하게끔 바벨을 잡습니다. | 허리가 구부러지지 않게 중립 상태를 유지한 채로, 무릎 높이로 바벨을 들어올립니다. | 팔꿈치를 몸쪽으로 붙인다는 생각으로 팔을 굽혀 바벨을 복부까지 끌어당겨 줍니다. | 등의 자극을 느끼며 바벨을 내려 2번 자세로 돌아갑니다.",,0
228,라잉 바벨 로우,등,"https://burnfit.io/wp-content/uploads/2023/11/LYING_BB_ROW.png,https://burnfit.io/wp-content/uploads/2023/11/LYING_BB_ROW.gif","벤치에 엎드린 상태로, 어깨너비보다 조금 넓게 바벨을 잡습니다. | 복부와 가슴을 벤치에 밀착시킨 상태로, 바벨을 배꼽방향으로 힘차게 당겨 올립니다. | 천천히 팔을 피면서 시작 자세로 돌아갑니다.",,0
229,비하인드 넥 풀다운,등,"https://burnfit.io/wp-content/uploads/2023/11/BHD_NECK_PULL_DOWN.png,https://burnfit.io/wp-content/uploads/2023/11/BHD_NECK_PULL_DOWN.gif","허벅지 지지대의 높낮이를 알맞게 조절하고, 바를 어깨너비보다 넓게 잡고 의자에 앉습니다. | 허벅지를 지지대에 고정하고 가슴을 편상태로, 바를 머리뒤로 당겨 목에 닿을정도로 바를 당겨줍니다. (이때, 팔이 아닌 등(광배근)의 힘으로 바를 당겨줍니다.) | 광배근이 이완하는 것을 느끼면서 천천히 팔을 폅니다.",,0
230,원암 케이블 풀다운,등,"https://burnfit.io/wp-content/uploads/2023/11/CABLE_OA_PULL_DOWN.png,https://burnfit.io/wp-content/uploads/2023/11/CABLE_OA_PULL_DOWN.gif","양 발을 어깨너비만큼 벌린 상태로 케이블을 바라보고 섭니다. | 한 손으로 케이블을 잡고 광배근의 자극을 느끼며 팔을 아래로 당깁니다. 이때, 팔이 굽혀지지 않게 힘을 준 상태로 삼두를 광배에 붙여준다고 생각하면서 등을 수축합니다. | 가슴을 활짝 편 상태로 광배에 자극을 느끼면서 천천히 시작 자세로 돌아갑니다.",,0
231,원암 레터럴 와이드 풀다운,등,"https://burnfit.io/wp-content/uploads/2023/11/OA_LAT_WIDE_PULL_DOWN.png,https://burnfit.io/wp-content/uploads/2023/11/OA_LAT_WIDE_PULL_DOWN.gif","허벅지 지지대의 높낮이를 알맞게 조절하고, 손잡이를 어깨너비보다 넓게 잡고 의자에 앉습니다. | 허벅지를 지지대에 고정하고 가슴을 편상태로, 손잡이를 잡은 한손의 팔꿈치를 옆구리 방향으로 힘차게 내립니다. (이때, 견갑골을 모으면서 팔꿈치는 바닥과 수직방향으로 움직입니다.) | 광배근이 이완하는 것을 느끼면서 천천히 팔을 폅니다.",,0
232,로우 로우 머신,등,"https://burnfit.io/wp-content/uploads/2023/11/LOW_ROW_MC.png,https://burnfit.io/wp-content/uploads/2023/11/LOW_ROW_MC.gif","기구에 앉아 상체를 고정한 상태에서, 손잡이를 양손으로 잡습니다. | 등 근육의 자극을 느끼면서 팔꿈치를 몸에 붙여 당깁니다. (이때, 팔 힘이 아닌 등의 힘을 사용하여 등에 자극이 느껴지도록 합니다.) | 등의 긴장감을 유지하며 천천히 팔을 펴줍니다.",,0
233,원암 로우 로우 머신,등,"https://burnfit.io/wp-content/uploads/2023/11/OA_LOW_ROW_MC.png,https://burnfit.io/wp-content/uploads/2023/11/OA_LOW_ROW_MC.gif","기구에 앉아 상체를 고정한 상태에서, 손잡이를 한손으로 잡습니다. | 등 근육의 자극을 느끼면서 팔꿈치를 몸에 붙여 당깁니다. (이때, 팔 힘이 아닌 등의 힘을 사용하여 등에 자극이 느껴지도록 합니다.) | 등의 긴장감을 유지하며 천천히 팔을 펴줍니다.",,0
234,하이 로우 머신,등,"https://burnfit.io/wp-content/uploads/2023/11/HIGH_ROW_MC.png,https://burnfit.io/wp-content/uploads/2023/11/HIGH_ROW_MC.gif","기구에 앉아 상체를 고정한 상태에서, 손잡이를 양손으로 잡습니다. | 등 근육의 자극을 느끼면서 팔꿈치를 몸에 붙여 당깁니다. (이때, 팔 힘이 아닌 등의 힘을 사용하여 등에 자극이 느껴지도록 합니다.) | 등의 긴장감을 유지하며 천천히 팔을 펴줍니다.",,0
235,언더그립 하이 로우 머신,등,"https://burnfit.io/wp-content/uploads/2023/11/UNDER_HIGH_ROW_MC.png,https://burnfit.io/wp-content/uploads/2023/11/UNDER_HIGH_ROW_MC.gif","기구에 앉아 상체를 고정한 상태에서, 손잡이를 언더그립(손바닥이 하늘을 향한 상태)으로 잡습니다. | 등 근육의 자극을 느끼면서 팔꿈치를 몸에 붙여 당깁니다. (이때, 팔 힘이 아닌 등의 힘을 사용하여 등에 자극이 느껴지도록 합니다.) | 등의 긴장감을 유지하며 천천히 팔을 펴줍니다.",,0
236,원암 하이 로우 머신,등,"https://burnfit.io/wp-content/uploads/2023/11/OA_HIGH_ROW_MC.png,https://burnfit.io/wp-content/uploads/2023/11/OA_HIGH_ROW_MC.gif","기구에 앉아 상체를 고정한 상태에서, 손잡이를 한손으로 잡습니다. | 등 근육의 자극을 느끼면서 팔꿈치를 몸에 붙여 당깁니다. (이때, 팔 힘이 아닌 등의 힘을 사용하여 등에 자극이 느껴지도록 합니다.) | 등의 긴장감을 유지하며 천천히 팔을 펴줍니다.",,0
237,원암 시티드 케이블 로우,등,"https://burnfit.io/wp-content/uploads/2023/11/OA_CABLE_SEATED_ROW.png,https://burnfit.io/wp-content/uploads/2023/11/OA_CABLE_SEATED_ROW.gif","케이블을 마주보고 앉아 발판에 발을 올린후 무릎을 살짝 굽혀줍니다. | 허리를 펴고 가슴을 내민 상태에서 케이블을 한손으로 잡아 당깁니다. | 이때 상체의 균형은 유지하면서 광배근이 최대로 수축될 수 있도록, 팔꿈치를 등뒤로 힘껏 잡아 당겨줍니다. | 중량을 등으로 버티면서 천천히 팔을 펴서 시작 자세로 돌아갑니다.",,0
238,싯업,복근,"https://burnfit.io/wp-content/uploads/2023/11/SIT_UP.png,https://burnfit.io/wp-content/uploads/2023/11/SIT_UP.gif","무릎을 구부리고 바닥에 누워서, 발이 바닥과 떨어지지 않게 합니다. | 배의 근육을 이용해 상체를 들어올립니다. | 복근에 힘을 유지하면서 시작 자세로 돌아갑니다.",,0
239,브이 업,복근,,,,0
240,크런치,복근,"https://burnfit.io/wp-content/uploads/2023/11/CRUNCH.png,https://burnfit.io/wp-content/uploads/2023/11/CRUNCH.gif","무릎을 굽히고 바닥에 누워, 양손은 가슴 앞이나 머리 뒤로 올려 고정합니다. | 등 전체가 아닌 상체 윗부분만 서서히 들어올려, 복근의 윗 부분의 수축감을 느낀다. (이때 가슴을 펴서 척추의 자극을 최소화합니다.) | 윗 복근의 긴장감을 느끼면서 천천히 내려옵니다.",,0
241,힐 터치,복근,"https://burnfit.io/wp-content/uploads/2023/11/HEEL_TOUCH.png,https://burnfit.io/wp-content/uploads/2023/11/HEEL_TOUCH.gif","무릎을 굽히고 양손은 엉덩이 옆에 둔채로 바닥에 눕습니다. | 복부의 힘으로 상체를 들어올려 복근에 긴장감을 유지한 상태에서, 한쪽 손으로 같은쪽 복숭아뼈를 터치합니다. | 반대쪽 손도 마찬가지로 복숭아뼈를 터치하고 시작 자세로 돌아옵니다.",,0
242,레그 레이즈,복근,"https://burnfit.io/wp-content/uploads/2023/11/LEG_RAISE.png,https://burnfit.io/wp-content/uploads/2023/11/LEG_RAISE.gif","바닥에 똑바로 누운 상태에서, 팔을 골반옆에 위치시켜 바닥을 지지할 수 있도록 합니다. | 등을 바닥에 밀착시킨 상태로, 무릎을 최대한 피면서 다리를 들어올립니다. | 허리가 뜨지 않도록 복근에 힘을 주면서 천천히 다리를 내려줍니다.",,0
243,행잉 레그 레이즈,복근,"https://burnfit.io/wp-content/uploads/2023/11/HANG_LEG_RAIGE.png,https://burnfit.io/wp-content/uploads/2023/11/HANG_LEG_RAIGE.gif","철봉에 매달린 상태에서 상,하체를 곧게 폅니다. | 복부와 등에 힘을 주어 자세를 유지하면서, 무릎을 골반 높이까지 끌어 올립니다. | 복근의 긴장감을 유지하면서, 다리를 내려 시작 자세로 돌아옵니다.",,0
244,러시안 트위스트,복근,,,,0
245,할로우 락,복근,"https://burnfit.io/wp-content/uploads/2023/11/HOLLOW_ROCK.png,https://burnfit.io/wp-content/uploads/2023/11/HOLLOW_ROCK.gif","등과 허리를 바닥에 붙인 상태로 하늘을 보고 눕습니다. | 허리가 바닥에 떨어지지 않게 유의하면서, 양손은 머리 위로 올리고 다리는 살짝 들어줍니다. | 복근의 긴장을 유지하면서 앞뒤로 오뚝이처럼 움직입니다.",,0
246,할로우 포지션,복근,"https://burnfit.io/wp-content/uploads/2023/11/HOLLOW_POS.png,https://burnfit.io/wp-content/uploads/2023/11/HOLLOW_POS.gif","등과 허리를 바닥에 붙인 상태로 하늘을 보고 눕습니다. | 허리가 바닥에 떨어지지 않게 유의하면서, 양손은 머리 위로 올리고 다리는 살짝 들어줍니다. | 복근에 긴장감을 느끼며 자세를 유지합니다.",,0
247,플랭크,복근,"https://burnfit.io/wp-content/uploads/2023/11/PLANK.png,https://burnfit.io/wp-content/uploads/2023/11/PLANK.gif","손목과 팔꿈치를 바닥에 댄 상태로 바닥에 엎드립니다. | 팔꿈치와 어깨를 동일선상에 놓은 상태에서, 복부와 엉덩이에 힘을 주며 몸을 밀어 올립니다. | 등을 평평하게 만든다는 생각으로 팔꿈치로 바닥을 밀며 자세를 유지합니다.",,0
248,덤벨 사이드 벤드,복근,"https://burnfit.io/wp-content/uploads/2023/11/DB_SIDE_BEND.png,https://burnfit.io/wp-content/uploads/2023/11/DB_SIDE_BEND.gif","양발을 어깨너비만큼 벌린 상태에서, 한쪽 손에 덤벨을 들고 덤벨을 몸과 일직선이 되도록 곧게 섭니다. | 숨을 들이마시면서, 덤벨을 들고있는 손 방향으로 허리를 천천히 구부려 줍니다. | 복근의 긴장감을 유지하면서 허리를 펴줍니다.",,0
249,복근 롤아웃,복근,"https://burnfit.io/wp-content/uploads/2023/11/ABS_ROLL_OUT.png,https://burnfit.io/wp-content/uploads/2023/11/ABS_ROLL_OUT.gif","바닥에 무릎을 대고, 바벨(혹은 이지바)을 어깨너비로 잡아 어깨 아래에 위치시킵니다. | 천천히 바벨을 밀어 내려갈 수 있는 만큼 몸을 낮춥니다. (이때 엉덩이가 뒤로 빠지지 않게하여, 상체와 무릎이 일직선이 되도록합니다.) | 복부에 긴장감을 유지한채로 시작 자세로 되돌아옵니다.",,0
250,복근 에어 바이크,복근,"https://burnfit.io/wp-content/uploads/2023/11/ABS_AIR_BIKE.png,https://burnfit.io/wp-content/uploads/2023/11/ABS_AIR_BIKE.gif","바닥에 등을 대고 누워 양손으로 가볍게 머리를 감싸줍니다. | 오른쪽 상체를 비틀어 들어올림과 동시에 왼쪽 무릎을 당겨 올려줍니다. | 들어올린 오른쪽 상체와 왼쪽 무릎을 내리고, 왼쪽 상체를 비틀어 올리면서 오른쪽 무릎을 당겨 올립니다.",,0
251,토즈투 바,복근,,,,0
252,행잉 니 레이즈,복근,"https://burnfit.io/wp-content/uploads/2023/11/HANG_KNEE_RAISE.png,https://burnfit.io/wp-content/uploads/2023/11/HANG_KNEE_RAISE.gif","팔을 어깨 너비만큼 벌리고, 손바닥이 앞을 바라본 상태로 바를 잡고 매달립니다. | 아랫 배에 힘을 주어 양다리를 위로 말아 올려줍니다. | 복근에 자극을 느끼며 천천히 양다리를 내려줍니다.",,0
253,복근 크런치 머신,복근,"https://burnfit.io/wp-content/uploads/2023/11/ABS_CRUNCH_MC.png,https://burnfit.io/wp-content/uploads/2023/11/ABS_CRUNCH_MC.gif",운동중 하체가 움직이지 않도록 발판에 양발을 올리고 기구에 앉습니다. | 손잡이를 양손으로 잡은 상태에서 복근에 자극을 느끼며 상체를 앞으로 숙여줍니다. | 굽었던 상체를 천천히 피면서 처음의 자세로 돌아갑니다.,,0
254,행 클린,복근,"https://burnfit.io/wp-content/uploads/2023/11/HANG_CLEAN.png,https://burnfit.io/wp-content/uploads/2023/11/HANG_CLEAN.gif","이 운동은 복잡한 동작으로, 적절한 지도가 가능한 트레이너와 상담하는 것을 추천합니다. | 시작 자세: 양발을 골반보다 약간 넓게 벌리고, 어깨보다 조금 넓게 바벨을 잡고 무릎 위에 위치 시킵니다. | 몸통 펴고 잡아 채기: 지면의 수직 방향으로 발목, 무릎, 고관절을 강하고 빠르게 신전하여, 바벨을 던지듯이 추켜올립니다. | 앉아 받고 일어서기: 바벨을 위로 던진 상태에서 아래로 내려가 바벨을 앉아서 받고, 신체 균형을 유지하면서 일어섭니다.",,0
255,행 스내치,복근,"https://burnfit.io/wp-content/uploads/2023/11/HANG_SNATCH.png,https://burnfit.io/wp-content/uploads/2023/11/HANG_SNATCH.gif","이 운동은 복잡한 동작으로, 적절한 지도가 가능한 트레이너와 상담하는 것을 추천합니다. | 시작 자세: 양발을 골반보다 약간 넓게 벌리고, 바벨을 넓게 잡고 무릎 위에 위치 시킵니다. | 몸통 펴고 잡아 채기: 지면의 수직 방향으로 발목, 무릎, 고관절을 강하고 빠르게 신전하여, 바벨을 던지듯이 추켜올립니다. | 잡아 채고 앉아받기: 폭발적인 하지 신전력에 의해 바벨을 위로 던진 상태에서, 지면으로부터 점프를 하면서 아래로 내려가 바벨을 앉아받습니다. | 앉아 받고 일어서기: 바벨을 들고 일어나면서 구부렸던 관절을 모두 폅니다.",,0
256,필라테스 잭나이프,복근,"https://burnfit.io/wp-content/uploads/2023/11/PIL_JACKKNIFE.png,https://burnfit.io/wp-content/uploads/2023/11/PIL_JACKKNIFE.gif",척추 전체가 바닥에 닿도록 매트에 눕습니다. | 양팔로 바닥을 지그시 누르면서 두 다리를 모아서 수직으로 들어 올립니다. 이때 무릎은 곧게 펴고 발끝은 길게 뻗어줍니다. | 척추를 바닥에서부터 떼어주면서 두 다리를 모아 바닥에서 수직방향으로 곧게 밀어올립니다. | 올라왔던 역순서대로 몸을 내리면서 시작 자세로 돌아갑니다.,,0
257,리버스 크런치,복근,"https://burnfit.io/wp-content/uploads/2023/11/REV_CRUNCH.png,https://burnfit.io/wp-content/uploads/2023/11/REV_CRUNCH.gif","양손으로 바닥을 눌러 균형을 잡은 상태에서 허벅지가 바닥과 수직이 되도록 무릎을 90도로 구부려 들어 올립니다. | 손바닥으로 바닥을 지그시 누르면서, 복부의 힘으로 무릎이 가슴쪽으로 가도록 엉덩이를 밀어 올립니다. | 최고점에서 하복부의 자극을 느끼며 천천히 시작자세로 돌아갑니다.",,0
258,사이드 플랭크,복근,"https://burnfit.io/wp-content/uploads/2023/11/SIDE_PLANK.png,https://burnfit.io/wp-content/uploads/2023/11/SIDE_PLANK.gif",팔꿈치를 바닥에 대고 몸을 곧게 편상태로 옆으로 눕습니다. 이때 양발은 모아줍니다. | 바닥에 대고 있는 팔로 바닥을 지그시 밀면서 엉덩이를 들어올려 몸통 전체를 일직선으로 만듭니다. | 정해진 시간만큼 버티고 엉덩이를 천천히내려 시작 자세로 돌아옵니다.,,0
259,45도 사이드 벤드,복근,"https://burnfit.io/wp-content/uploads/2023/11/45_SIDE_BEND.png,https://burnfit.io/wp-content/uploads/2023/11/45_SIDE_BEND.gif",하이퍼익스텐션 머신과 같이 기울어진 구조물에 기대 하체를 고정시킵니다. | 기댄 방향으로 천천히 상체를 숙여 복근의 이완을 느낍니다. | 복부에 힘을 유지한 상태로 몸을 천천히 당겨 시작 자세로 돌아옵니다.,,0
260,RKC 플랭크,복근,"https://burnfit.io/wp-content/uploads/2023/11/RKC_PLANK.png,https://burnfit.io/wp-content/uploads/2023/11/RKC_PLANK.gif","손목과 팔꿈치를 바닥에 댄 상태로 바닥에 엎드립니다. | 팔꿈치와 어깨를 동일선상에 놓은 상태에서, 복부와 엉덩이에 힘을 주며 몸을 밀어 올립니다. | 등을 평평하게 만든 상태에서 팔꿈치를 발방향으로 밀어준다는 느낌으로 복근에 더 큰 자극을 부과합니다.",,0
261,케이블 사이드 벤드,복근,"https://burnfit.io/wp-content/uploads/2023/11/CABLE_SIDE_BEND.png,https://burnfit.io/wp-content/uploads/2023/11/CABLE_SIDE_BEND.gif","양발을 어깨너비만큼 벌린 상태에서, 한쪽 손으로 케이블을 잡습니다. | 숨을 들이마시면서, 케이블을 잡고있는 손의 방향으로 허리를 천천히 구부려 줍니다. | 복근의 긴장감을 유지하면서 허리를 펴줍니다.",,0
262,디클라인 크런치,복근,,,,0
263,중량 디클라인 크런치,복근,"https://burnfit.io/wp-content/uploads/2023/11/WEI_DEC_CRUNCH.png,https://burnfit.io/wp-content/uploads/2023/11/WEI_DEC_CRUNCH.gif","기울어진 벤치에 누워 발목을 고정한 상태에서, 양손으로 중량을 고정합니다. | 등 전체가 아닌 상체 윗부분만 서서히 들어올려, 복근의 윗 부분의 수축감을 느낍니다. (이때 가슴을 펴서 척추의 자극을 최소화합니다.) | 윗 복근의 긴장감을 느끼면서 천천히 내려옵니다.",,0
264,디클라인 리버스 크런치,복근,"https://burnfit.io/wp-content/uploads/2023/11/DEC_REV_CRUNCH.png,https://burnfit.io/wp-content/uploads/2023/11/DEC_REV_CRUNCH.gif","기울어진 벤치에 누운 상태에서, 신체가 움직이지 않도록 양손으로 벤치를 잡습니다. | 복부의 힘으로 무릎이 가슴쪽으로 올라가도록 엉덩이를 밀어 올립니다. | 최고점에서 하복부의 자극을 느끼며 천천히 시작자세로 돌아갑니다.",,0
265,디클라인 싯업,복근,"https://burnfit.io/wp-content/uploads/2023/11/DEC_SIT_UP.png,https://burnfit.io/wp-content/uploads/2023/11/DEC_SIT_UP.gif","기울어진 벤치에 누워 발목을 고정한 상태에서, 양손은 가슴 앞이나 머리 뒤로 올려 고정합니다. | 복부의 근육을 이용하여 상체를 들어올립니다. | 복근에 힘을 유지하면서 시작 자세로 돌아갑니다.",,0
266,중량 디클라인 싯업,복근,"https://burnfit.io/wp-content/uploads/2023/11/WEI_DEC_SIT_UP.png,https://burnfit.io/wp-content/uploads/2023/11/WEI_DEC_SIT_UP.gif","기울어진 벤치에 누워 발목을 고정한 상태에서, 양손으로 중량을 고정합니다. | 복부의 근육을 이용하여 상체를 들어올립니다. | 복근에 힘을 유지하면서 시작 자세로 돌아갑니다.",,0
267,사이드 크런치,복근,"https://burnfit.io/wp-content/uploads/2023/11/SIDE_CRUNCH.png,https://burnfit.io/wp-content/uploads/2023/11/SIDE_CRUNCH.gif","무릎을 굽힌 상태에서 바닥에 옆으로 누워, 양손을 머리에 자연스럽게 올려둡니다. | 복부의 근육을 이용하여 상체를 바닥과 수직 방향으로 들어올립니다. | 복근에 힘을 유지하면서 시작 자세로 돌아갑니다.",,0
268,케이블 트위스트,복근,"https://burnfit.io/wp-content/uploads/2023/11/CABLE_TWIST.png,https://burnfit.io/wp-content/uploads/2023/11/CABLE_TWIST.gif","케이블 머신의 높이를 어깨 높이로 맞춘 상태로 케이블 옆에 나란히 섭니다. | 팔꿈치를 곧게 편 상태로 케이블 손잡이를 양손으로 잡고, 복근의 힘을 이용하여 상반신을 트위스트합니다. | 복근의 자극을 느끼면서 시작 자세로 돌아갑니다.",,0
269,쓰러스터,기타,"https://burnfit.io/wp-content/uploads/2023/11/THRUSTER.png,https://burnfit.io/wp-content/uploads/2023/11/THRUSTER.gif",바벨을 어깨너비로 잡고 쇄골 위에 올려둡니다. | 시선은 정면을 유지하면서 엉덩이를 뒤로 빼면서 앉습니다. | 복근과 엉덩이에 힘을 주면서 힘차게 일어납니다. | 일어나는 힘을 이용하여 바벨을 머리 위로 힘껏 밀어올립니다.,,0
270,버피,기타,"https://burnfit.io/wp-content/uploads/2023/11/BURPEE.png,https://burnfit.io/wp-content/uploads/2023/11/BURPEE.gif",다리를 어깨너비로 벌리고 편하게 섭니다. | 스쿼트 자세를 취한 이후 상체를 내리면서 팔굽혀펴기 1회를 수행합니다. | 엎드려뻗쳐 자세에서 다리를 가슴 쪽으로 당겨 스쿼트 동작으로 돌아옵니다. | 일어나면서 양손을 하늘 위로 뻗으면서 점프합니다.,,0
271,케틀벨 스윙,기타,"https://burnfit.io/wp-content/uploads/2023/11/KB_SWING.png,https://burnfit.io/wp-content/uploads/2023/11/KB_SWING.gif","이 운동은 복잡한 동작으로, 적절한 지도가 가능한 트레이너와 상담하는 것을 추천합니다. | 양발을 어깨너비보다 살짝 넓게 벌린 상태에서, 양손으로 케틀벨을 잡습니다. | 허리가 굽지 않도록 복부와 코어에 긴장을 유지한 상태로, 케틀벨을 다리 사이로 보냅니다. | 둔근을 수축하는 힘으로 케틀벨을 밀어 올립니다. | 케틀벨 스윙을 통해 둔근의 수축 이완을 반복합니다.",,0
272,파머스 워크,기타,"https://burnfit.io/wp-content/uploads/2023/11/FARMER_WALK.png,https://burnfit.io/wp-content/uploads/2023/11/FARMER_WALK.gif",양손에 케틀벨(혹은 덤벨)을 들고 양발을 엉덩이 너비만큼 벌리고 섭니다. | 가슴을 활짝 펴고 등에 힘을 준 상태로 복부를 단단하게 조입니다. | 어깨를 뒤로 당긴 상태로 복압을 유지하면서 천천히 앞으로 걷습니다.,,0
273,월볼 샷,기타,"https://burnfit.io/wp-content/uploads/2023/11/WB_SHOT.png,https://burnfit.io/wp-content/uploads/2023/11/WB_SHOT.gif","다리를 어깨너비로 벌리고, 월볼을 잡고 벽 앞에 섭니다. | 스쿼트 자세로 앉았다 일어나는 힘으로 팔을 힘껏 뻗으며, 양손에 들고 있던 월볼을 위로 던집니다. | 떨어지는 월볼을 받으며 다시 스쿼트 자세로 돌아갑니다.",,0
274,마운틴 클라이머,기타,"https://burnfit.io/wp-content/uploads/2023/11/MOUNT_CLIMB.png,https://burnfit.io/wp-content/uploads/2023/11/MOUNT_CLIMB.gif","양팔을 어깨너비로 벌리고 엎드립니다. | 한쪽 무릎이 가슴에 닿을정도로 힘차게 올립니다. | 올렸던 무릎을 내리며, 반대쪽 무릎을 가슴방향으로 올립니다.",,0
275,박스 점프,기타,"https://burnfit.io/wp-content/uploads/2023/11/BOX_JUMP.png,https://burnfit.io/wp-content/uploads/2023/11/BOX_JUMP.gif","구조물 앞에 몸을 곧게 펴고 섭니다. | 양발을 동시에 점프하여 구조물 위에 올라섭니다. | 구부렸던 관절들을 모두 펴고 일어선 후에, 내려와서 시작 자세로 돌아갑니다.",,0
276,점핑 잭,기타,"https://burnfit.io/wp-content/uploads/2023/11/JUMPING_JACK.png,https://burnfit.io/wp-content/uploads/2023/11/JUMPING_JACK.gif","가슴과 허리를 곧게 펴고 섭니다. | 무릎을 살짝 굽혀 점프하면서 양 발을 어깨너비 정도로 벌립니다. 이때, 양 팔은 어깨 높이까지 올려줍니다. | 다시 점프하며 발을 모으고 동시에 양팔을 처음 자세로 내려줍니다. | 무릎을 살짝 굽혀 점프하며 발을 어깨너비 정도로 벌리면서, 양팔을 머리위까지 올려줍니다. | 다시 점프하며 발을 모으고 동시에 양팔을 처음 자세로 내려줍니다.",,0
277,바 머슬업,기타,"https://burnfit.io/wp-content/uploads/2023/11/BAR_MU.png,https://burnfit.io/wp-content/uploads/2023/11/BAR_MU.gif","이 운동은 복잡한 동작으로, 적절한 지도가 가능한 트레이너와 상담하는 것을 추천합니다. | 바를 양손으로 잡고, 몸을 당겨(풀업) 올린 후 밀어(딥) 올라갑니다.",,0
278,링 머슬업,기타,"https://burnfit.io/wp-content/uploads/2023/11/RING_MU.png,https://burnfit.io/wp-content/uploads/2023/11/RING_MU.gif","이 운동은 복잡한 동작으로, 적절한 지도가 가능한 트레이너와 상담하는 것을 추천합니다. | 링을 양손으로 각각 잡고, 몸을 당겨(풀업) 올린 후 밀어(딥) 올라갑니다.",,0
279,배틀링 로프,기타,,,,0
280,덤벨 버피,기타,"https://burnfit.io/wp-content/uploads/2023/11/DB_BURPEE.png,https://burnfit.io/wp-content/uploads/2023/11/DB_BURPEE.gif","양손에 덤벨을 들고, 다리는 어깨 너비만큼 벌리고 편하게 섭니다. | 다리를 어깨너비로 벌리고 편하게 섭니다. | 스쿼트 자세를 취한 이후 상체를 내리면서 팔굽혀펴기 1회를 수행합니다. | 엎드려뻗쳐 자세에서 다리를 가슴 쪽으로 당겨 스쿼트 동작으로 돌아옵니다. | 무릎과 골반을 펴주면서 수직방향으로 점프합니다.",,0
281,덤벨 쓰러스터,기타,"https://burnfit.io/wp-content/uploads/2023/11/DB_THRUSTER.png,https://burnfit.io/wp-content/uploads/2023/11/DB_THRUSTER.gif",덤벨을 양손에 하나씩 잡고 양 어깨 위에 올려둡니다. | 시선은 정면을 유지하면서 엉덩이를 뒤로 빼면서 앉습니다. | 복근과 엉덩이에 힘을 주면서 힘차에 일어납니다. | 일어나는 힘을 이용하여 덤벨을 머리 위로 힘껏 밀어올립니다.,,0
282,인치웜,기타,"https://burnfit.io/wp-content/uploads/2023/11/INCHWORM.png,https://burnfit.io/wp-content/uploads/2023/11/INCHWORM.gif",양발을 곧게 편 상태에서 허리를 굽혀 양손을 양발 앞에 위치 시킵니다. | 무릎이 굽지 않게 유지하면서 양손을 한걸음씩 앞으로 뻗어줍니다. | 양손은 허리 라인이 일직선이 될때까지 앞으로 이동합니다. | 푸시업을 한번 수행합니다. | 양손을 역순서대로 움직여 시작 자세로 돌아갑니다.,,0
283,스모 데드리프트 하이풀,기타,"https://burnfit.io/wp-content/uploads/2023/11/SUMO_DEAD_HIGH.png,https://burnfit.io/wp-content/uploads/2023/11/SUMO_DEAD_HIGH.gif","발끝이 바깥을 향한 상태로 다리를 넓게 벌리고 바벨 앞에 섭니다. | 허벅지가 바닥에 수평이 될 때까지 엉덩이를 뒤로 뺀 상태에서, 양팔은 어깨너비보다 좁게 바벨을 잡습니다. | 복압을 유지한채로 바벨을 정강이에 붙인다는 느낌으로 끌어 올립니다. | 바벨이 골반을 지나는 순간, 둔근의 힘을 폭발시켜 바벨을 지면의 수직 방향으로 띄워 올립니다. 이때, 엉덩이 힘을 최대화하기위해 발 뒷꿈치를 들어 올립니다. | 허리 위로 올라온 바벨을 턱 밑까지 힘차게 당겨 올립니다. 이때 팔꿈치는 하늘을 향하도록 합니다. | 바벨이 올라온 역순서대로 바닥에 내려 시작 자세로 돌아갑니다.",,0
284,케틀벨 스모 하이풀,기타,"https://burnfit.io/wp-content/uploads/2023/11/KB_SUMO_HIGH.png,https://burnfit.io/wp-content/uploads/2023/11/KB_SUMO_HIGH.gif","발끝이 바깥을 향한 상태로 다리를 넓게 벌리고, 양 발의 중앙에 케틀벨을 놓고 섭니다. | 허벅지가 바닥에 수평이 될 때까지 엉덩이를 뒤로 뺀 상태에서, 양팔로 케틀벨을 잡습니다. | 복압을 유지한채로 엉덩이에 힘을 주며 다리를 펴줍니다. | 케틀벨이 골반을 지나는 순간, 둔근의 힘을 폭발시켜 케틀벨을 지면의 수직 방향으로 띄워 올립니다. 이때, 엉덩이 힘을 최대화하기위해 발 뒷꿈치를 들어 올립니다. | 허리 위로 올라온 케틀벨 턱 밑까지 힘차게 당겨 올립니다. 이때 팔꿈치는 하늘을 향하도록 합니다. | 케틀벨이 올라온 역순서대로 바닥에 내려 시작 자세로 돌아갑니다.",,0
285,터키쉬 겟업,기타,,,,0
286,트레드밀,유산소,"https://burnfit.io/wp-content/uploads/2023/11/TREADMIL.png,https://burnfit.io/wp-content/uploads/2023/11/TREADMIL.gif",속도를 알맞게 조절하고 운동합니다. | 경사를 알맞게 조절하고 운동합니다.,,0
287,싸이클,유산소,"https://burnfit.io/wp-content/uploads/2023/11/CYCLE.png,https://burnfit.io/wp-content/uploads/2023/11/CYCLE.gif",안장을 체형에 맞게 조절 | 알맞은 강도로 운동,,0
288,로잉 머신,유산소,"https://burnfit.io/wp-content/uploads/2023/11/ROW_MACH.png,https://burnfit.io/wp-content/uploads/2023/11/ROW_MACH.gif","양 발을 로잉 머신 발판에 고정시키고, 양손으로 머신의 핸들을 잡습니다. | 양쪽 다리의 힘으로 발판을 힘껏 밀어냅니다. 이때 핸들을 잡은 상체가 굽지않도록 등을 곧게 유지합니다. | 양 다리가 쭉 펴지면 코어 근육을 사용하여 몸을 약 45도 정도로 뒤로 젖힙니다. 이때 등이 굽지 않도록 몸통에 힘을 준 상태로, 양손에 붙잡은 핸들을 가슴팍으로 끌어당깁니다. | 당겼던 팔을 다시 펴고 코어, 다리 근육을 이용하여 시작 자세로 되돌아갑니다.",,0
289,계단 오르기,유산소,"https://burnfit.io/wp-content/uploads/2023/11/CLIMB_STAIRS.png,https://burnfit.io/wp-content/uploads/2023/11/CLIMB_STAIRS.gif",넘어지지 않게 유의하면서 계단을 한칸씩 올라갑니다.,,0
290,줄넘기,유산소,"https://burnfit.io/wp-content/uploads/2023/11/JUMP_ROPE.png,https://burnfit.io/wp-content/uploads/2023/11/JUMP_ROPE.gif",몸에 힘을 빼고 시선은 정면을 향한 상태로 곧게 섭니다. | 줄넘기의 손잡이를 허리 높이에 위치시키고 손목의 힘으로 가볍게 돌려줍니다. | 무릎의 탄력을 이용하여 수직으로 점프하여 줄을 넘습니다.,,0
291,이단 뛰기,유산소,"https://burnfit.io/wp-content/uploads/2023/11/DOUBLE_UNDER.png,https://burnfit.io/wp-content/uploads/2023/11/DOUBLE_UNDER.gif",몸에 힘을 빼고 시선은 정면을 향한 상태로 곧게 섭니다. | 줄넘기의 손잡이를 허리 높이에 위치시키고 손목의 힘으로 힘차게 2번 연속으로 돌려줍니다. | 무릎의 탄력을 이용하여 수직으로 점프하여 줄을 넘습니다.,,0
292,하이니 스킵,유산소,"https://burnfit.io/wp-content/uploads/2023/11/HIGH_KNEE_SKIP.png,https://burnfit.io/wp-content/uploads/2023/11/HIGH_KNEE_SKIP.gif",무릎을 높게 들어 제자리에서 뜁니다. | 빠르게 달릴 때처럼 팔꿈치도 90도가 되도록 크게 스윙합니다. | 지면과의 접촉시간을 최소로 합니다.,,0
293,어썰트 바이크,유산소,"https://burnfit.io/wp-content/uploads/2023/11/ASSAULT_BIKE.png,https://burnfit.io/wp-content/uploads/2023/11/ASSAULT_BIKE.gif",의자에 앉아 아랫배에 힘을 주고 허리를 펴고 부드럽게 탑니다. | 어깨와 허리가 무너진 상태로 무리하게 타지 않도록 합니다.,,0
294,스텝밀,유산소,"https://burnfit.io/wp-content/uploads/2023/11/STEPMILL_MAC.png,https://burnfit.io/wp-content/uploads/2023/11/STEPMILL_MAC.gif",속도를 알맞게 조절하고 운동합니다. | 강도를 알맞게 조절하고 운동합니다.,,0
295,일립티컬 머신,유산소,,,,0
296,걷기,유산소,"https://burnfit.io/wp-content/uploads/2023/11/WALKING.png,https://burnfit.io/wp-content/uploads/2023/11/WALKING.gif",올바른 자세로 걷습니다.,,0
297,달리기,유산소,"https://burnfit.io/wp-content/uploads/2023/11/RUNNING.png,https://burnfit.io/wp-content/uploads/2023/11/RUNNING.gif",올바른 자세로 달립니다.,,0
298,번핏,"기록은 짧게, 변화는 길게","https://burnfit.io/wp-content/uploads/2025/06/Burnfit_logo_OG.png,https://burnfit.io/wp-content/uploads/2025/06/Burnfit_logo_OG.gif",,,0
131,벤치프레스,가슴,"https://burnfit.io/wp-content/uploads/2023/11/BB_BP.png,https://burnfit.io/wp-content/uploads/2023/11/BB_BP.gif","벤치에 가슴을 펴고 누운 상태에서, 바벨을 어깨너비보다 조금 넓게 잡고 위로 들어올립니다. | 가슴 근육의 이완을 느끼며 팔을 굽혀 바벨을 가슴 방향으로 내립니다. | 가슴 근육의 수축을 느끼며 몸의 수직방향으로 바벨을 밀어올립니다.",,0
300,번핏,"기록은 짧게, 변화는 길게","https://burnfit.io/wp-content/uploads/2025/06/Burnfit_logo_OG.png,https://burnfit.io/wp-content/uploads/2025/06/Burnfit_logo_OG.gif",,,0
301,번핏,"기록은 짧게, 변화는 길게","https://burnfit.io/wp-content/uploads/2025/06/Burnfit_logo_OG.png,https://burnfit.io/wp-content/uploads/2025/06/Burnfit_logo_OG.gif",,,0
302,번핏,"기록은 짧게, 변화는 길게","https://burnfit.io/wp-content/uploads/2025/06/Burnfit_logo_OG.png,https://burnfit.io/wp-content/uploads/2025/06/Burnfit_logo_OG.gif",,,0
303,번핏,"기록은 짧게, 변화는 길게","https://burnfit.io/wp-content/uploads/2025/06/Burnfit_logo_OG.png,https://burnfit.io/wp-content/uploads/2025/06/Burnfit_logo_OG.gif",,,0
304,번핏,"기록은 짧게, 변화는 길게","https://burnfit.io/wp-content/uploads/2025/06/Burnfit_logo_OG.png,https://burnfit.io/wp-content/uploads/2025/06/Burnfit_logo_OG.gif",,,0
305,번핏,"기록은 짧게, 변화는 길게","https://burnfit.io/wp-content/uploads/2025/06/Burnfit_logo_OG.png,https://burnfit.io/wp-content/uploads/2025/06/Burnfit_logo_OG.gif",,,0
306,번핏,"기록은 짧게, 변화는 길게","https://burnfit.io/wp-content/uploads/2025/06/Burnfit_logo_OG.png,https://burnfit.io/wp-content/uploads/2025/06/Burnfit_logo_OG.gif",,,0
307,번핏,"기록은 짧게, 변화는 길게","https://burnfit.io/wp-content/uploads/2025/06/Burnfit_logo_OG.png,https://burnfit.io/wp-content/uploads/2025/06/Burnfit_logo_OG.gif",,,0
308,번핏,"기록은 짧게, 변화는 길게","https://burnfit.io/wp-content/uploads/2025/06/Burnfit_logo_OG.png,https://burnfit.io/wp-content/uploads/2025/06/Burnfit_logo_OG.gif",,,0
309,번핏,"기록은 짧게, 변화는 길게","https://burnfit.io/wp-content/uploads/2025/06/Burnfit_logo_OG.png,https://burnfit.io/wp-content/uploads/2025/06/Burnfit_logo_OG.gif",,,0
310,번핏,"기록은 짧게, 변화는 길게","https://burnfit.io/wp-content/uploads/2025/06/Burnfit_logo_OG.png,https://burnfit.io/wp-content/uploads/2025/06/Burnfit_logo_OG.gif",,,0
311,번핏,"기록은 짧게, 변화는 길게","https://burnfit.io/wp-content/uploads/2025/06/Burnfit_logo_OG.png,https://burnfit.io/wp-content/uploads/2025/06/Burnfit_logo_OG.gif",,,0
312,클린,역도,"https://burnfit.io/wp-content/uploads/2023/11/BB_CLEAN.png,https://burnfit.io/wp-content/uploads/2023/11/BB_CLEAN.gif","이 운동은 복잡한 동작으로, 적절한 지도가 가능한 트레이너와 상담하는 것을 추천합니다. | 시작 자세: 양발을 골반보다 약간 넓게 벌리고, 바벨의 그립을 어깨보다 조금 넓게하여 무릎과 팔이 겹치지 않도록 합니다. | 무릎 높이까지 끌기: 팔을 곧게 편 상태로 중심을 잃지 않게 무릎 높이까지 바벨을 끌어 올립니다. | 몸통 펴고 잡아 채기: 지면의 수직 방향으로 발목, 무릎, 고관절을 강하고 빠르게 신전하여, 바벨을 던지듯이 추켜올립니다. | 앉아 받고 일어서기: 바벨을 위로 던진 상태에서 아래로 내려가 바벨을 앉아서 받고, 신체 균형을 유지하면서 일어섭니다.",,0
313,클린 & 저크,역도,"https://burnfit.io/wp-content/uploads/2023/11/BB_CNJ.png,https://burnfit.io/wp-content/uploads/2023/11/BB_CNJ.gif","이 운동은 복잡한 동작으로, 적절한 지도가 가능한 트레이너와 상담하는 것을 추천합니다. | 시작 자세: 양발을 골반보다 약간 넓게 벌리고, 바벨의 그립을 어깨보다 조금 넓게하여 무릎과 팔이 겹치지 않도록 합니다. | 무릎 높이까지 끌기: 팔을 곧게 편 상태로, 중심을 잃지 않게 무릎 높이까지 바벨을 끌어 올립니다. | 몸통 펴고 잡아 채기: 지면의 수직 방향으로 발목, 무릎, 고관절을 강하고 빠르게 신전하여, 바벨을 던지듯이 추켜올립니다. | 앉아 받고 일어서기: 바벨을 위로 던진 상태에서 아래로 내려가 바벨을 앉아서 받고, 신체 균형을 유지하면서 일어섭니다. | 저크: 무릎을 굽히고 일어나는 반동으로 빠르게 바벨을 위로 올려줍니다. 바벨을 받고 굽혔던 모든 관절을 펴서 자세를 유지한 뒤, 바벨을 바닥에 내려놓습니다.",,0
314,저크,역도,"https://burnfit.io/wp-content/uploads/2023/11/BB_JERK.png,https://burnfit.io/wp-content/uploads/2023/11/BB_JERK.gif","바벨을 어깨너비로 잡고 쇄골 위에 올려둡니다. | 무릎을 굽히고 일어나는 반동으로 빠르게 바벨을 위로 올려줍니다. | 바벨의 수직 아래에서 두 팔을 곧게 핀 상태로, 바벨을 받습니다. | 굽혔던 모든 관절을 펴서 자세를 유지한 뒤, 바벨을 바닥에 내려놓습니다.",,0
315,스내치,역도,"https://burnfit.io/wp-content/uploads/2023/11/BB_SNATCH.png,https://burnfit.io/wp-content/uploads/2023/11/BB_SNATCH.gif","이 운동은 복잡한 동작으로, 적절한 지도가 가능한 트레이너와 상담하는 것을 추천합니다. | 시작 자세: 양발을 골반보다 약간 넓게 벌리고, 바벨을 넓게 잡고 두 팔은 곧게 폅니다. | 무릎 높이까지 끌기: 팔은 곧게 편 상태로, 중심을 잃지 않게 무릎 높이까지 끌어 올립니다. | 몸통 펴고 잡아 채기: 지면의 수직 방향으로 발목, 무릎, 고관절을 강하고 빠르게 신전하여, 바벨을 던지듯이 추켜올립니다. | 잡아 채고 앉아받기: 폭발적인 하지 신전력에 의해 바벨을 위로 던진 상태에서, 지면으로부터 점프를 하면서 아래로 내려가 바벨을 앉아받습니다. | 앉아 받고 일어서기: 바벨을 들고 일어나면서 구부렸던 관절을 모두 폅니다.",,0
316,바벨 오버헤드 스쿼트,역도,"https://burnfit.io/wp-content/uploads/2023/11/BB_OH_SQT.png,https://burnfit.io/wp-content/uploads/2023/11/BB_OH_SQT.gif","바벨을 넓게(스내치 그립) 잡고 머리 위로 들어올립니다. | 견갑을 위로 밀어올리고 팔꿈치를 완전히 펴서 바벨을 안정적으로 고정합니다. | 엉덩이를 낮춰 스쿼트를 합니다. 몸이 내려가는 동안 상체가 기울지 않도록, 팔이 구부러지지 않도록 유의합니다. | 둔근과 하체의 힘을 사용하여 2번의 자세로 돌아옵니다.",,0
317,덤벨 스내치,역도,"https://burnfit.io/wp-content/uploads/2023/11/DB_SNATCH.png,https://burnfit.io/wp-content/uploads/2023/11/DB_SNATCH.gif","이 운동은 복잡한 동작으로, 적절한 지도가 가능한 트레이너와 상담하는 것을 추천합니다. | 양발을 골반보다 약간 넓게 벌리고, 엉덩이를 뒤로 빼고 무릎을 살짝 구부려 앉습니다. | 양발의 중앙에 놓인 덤벨을 한손으로 잡습니다. 이때 등이 굽지 않도록 상체를 곧게 유지하면서 팔꿈치는 쭉 편 상태로 덤벨을 잡아줍니다. | 무릎과 고관절을 빠르게 피면서 가슴 높이까지 덤벨을 당겨줍니다. | 가슴 높이에 있는 덤벨을 하늘을 향해 펀치하듯 밀어올립니다. 이때 중량에 따라 무릎을 펴도 좋고, 살짝 굽힌 상태를 유지해도 좋습니다. | 코어(엉덩이와 배)에 힘을 주어 모든 관절이 펴진 상태를 만듭니다.",,0
318,케틀벨 스내치,역도,"https://burnfit.io/wp-content/uploads/2023/11/KB_SNATCH.png,https://burnfit.io/wp-content/uploads/2023/11/KB_SNATCH.gif","이 운동은 복잡한 동작으로, 적절한 지도가 가능한 트레이너와 상담하는 것을 추천합니다. | 양발을 골반보다 약간 넓게 벌리고, 엉덩이를 뒤로 빼고 앉아 한손으로 케틀벨을 잡습니다. | 허리가 굽지 않도록 복부와 코어에 인장을 유지한 상태로, 케틀벨을 다리 사이로 보냅니다. | 둔근을 수축하는 힘으로 케틀벨을 밀어 올립니다. | 가슴 높이에 있는 케틀벨을 하늘을 향해 펀치하듯 밀어올립니다. | 올라왔던 역순으로 케틀벨을 내려 스윙 자세로 돌아갑니다.",,0
319,번핏,"기록은 짧게, 변화는 길게","https://burnfit.io/wp-content/uploads/2025/06/Burnfit_logo_OG.png,https://burnfit.io/wp-content/uploads/2025/06/Burnfit_logo_OG.gif",,,0
320,스내치 밸런스,역도,"https://burnfit.io/wp-content/uploads/2023/11/BB_SNATCH_BAL.png,https://burnfit.io/wp-content/uploads/2023/11/BB_SNATCH_BAL.gif","바벨을 넓게(스내치 그립) 잡고 목 뒤에 올려둡니다. | 고관절, 무릎, 발목을 가볍게 굽혔다 피는 동시에, 다리를 양옆으로 벌리며 바벨을 머리 위로 들어올립니다. | 들어올린 바벨을 양팔로 잡은 상태로 엉덩이를 천천히 낮추며 스쿼트합니다. 이때, 견갑을 위로 밀어올리고 팔꿈치를 완전히 펴서 바벨을 안정적으로 고정해줍니다. | 둔근과 하체의 힘을 사용하여 2번의 자세로 돌아갑니다. | 바벨을 목 뒤로 내리며 1번의 자세로 돌아갑니다. 이때, 고관절과 무릎을 가볍게 굽혀 관절과 척추에 부담이 가지 않도록 합니다.",,0
321,중량 행잉 니 레이즈,역도,"https://burnfit.io/wp-content/uploads/2023/11/WEI_HANG_KNEE_RAISE.png,https://burnfit.io/wp-content/uploads/2023/11/WEI_HANG_KNEE_RAISE.gif","팔을 어깨 너비만큼 벌리고, 손바닥이 앞을 바라본 상태로 바를 잡고 매달립니다. | 덤벨이 떨어지지 않도록 양발로 단단하게 잡아 고정시킵니다. | 아랫 배에 힘을 주어 양다리를 위로 말아 올려줍니다. | 복근에 자극을 느끼며 천천히 양다리를 내려줍니다.",,0
322,클린 하이풀,역도,"https://burnfit.io/wp-content/uploads/2023/11/CLEAN_HIGH_PULL.png,https://burnfit.io/wp-content/uploads/2023/11/CLEAN_HIGH_PULL.gif","양발을 골반보다 약간 벏게 벌리고, 바벨의 그립을 어깨보다 조금 넓게하여 무릎과 팔이 겹치지 않도록 합니다. | 복압을 유지한채로 바벨을 정강이에 붙인다는 느낌으로 끌어 올립니다. | 바벨이 골반을 지나는 순간, 둔근의 힘을 폭발시켜 바벨을 지면의 수직 방향으로 띄워 올립니다. 이때, 엉덩이 힘을 최대화하기위해 발 뒷꿈치를 들어 올립니다. | 허리 위로 올라온 바벨을 턱 밑까지 힘차게 당겨 올립니다. 이때 팔꿈치는 하늘을 향하도록 합니다. | 바벨이 올라온 역순서대로 바닥에 내려 시작 자세로 돌아갑니다.",,0
323,스내치 하이풀,역도,"https://burnfit.io/wp-content/uploads/2023/11/SNATCH_HIGH_PULL.png,https://burnfit.io/wp-content/uploads/2023/11/SNATCH_HIGH_PULL.gif","양발을 골반보다 약간 넓게 벌리고, 바벨을 넓게 잡고 두 팔은 곧게 폅니다. | 복압을 유지한채로 바벨을 정강이에 붙인다는 느낌으로 끌어 올립니다. | 바벨이 골반을 지나는 순간, 둔근의 힘을 폭발시켜 바벨을 지면의 수직 방향으로 띄워 올립니다. 이때, 엉덩이 힘을 최대화하기위해 발 뒷꿈치를 들어 올립니다. | 허리 위로 올라온 바벨을 턱 밑까지 힘차게 당겨 올립니다. 이때 팔꿈치는 하늘을 향하도록 합니다. | 바벨이 올라온 역순서대로 바닥에 내려 시작 자세로 돌아갑니다.",,0
324,번핏,"기록은 짧게, 변화는 길게","https://burnfit.io/wp-content/uploads/2025/06/Burnfit_logo_OG.png,https://burnfit.io/wp-content/uploads/2025/06/Burnfit_logo_OG.gif",,,0
325,번핏,"기록은 짧게, 변화는 길게","https://burnfit.io/wp-content/uploads/2025/06/Burnfit_logo_OG.png,https://burnfit.io/wp-content/uploads/2025/06/Burnfit_logo_OG.gif",,,0
